"angle","gap","Re","total.conc","hair1","hair2","hair3","hair4","hair5","hair6","hair7","hair8","hair9","hair10","hair11","hair12","hair13","hair14","hair15","hair16","hair17","hair18","row1","row2","row3","row4"
8.4438139,25.25,2.505,63.5908475866004,1.94050746958631,3.76380314833564,2.74519845527813,3.45155376776625,2.68051253565499,4.2109059677866,3.58726137773623,4.23045497163852,3.46999475356099,3.14547020935761,4.63468022106838,3.2590750131834,4.1670315066199,3.94776921659845,3.95191535043865,3.46181691601503,3.60018437747821,3.34271232849705,8.44950907320008,13.9302336489441,18.7396751688089,22.4714296956473
12.497732,10.960581,2.505,168.038360509377,7.67566024789433,11.5286326904953,6.98222638494535,7.97638204647708,7.81401858891611,8.98011894021069,9.49903862560721,9.18376155078071,7.9727173509623,9.67935994711941,9.68563350463493,11.2783528768552,9.43662525030954,9.98192147964621,10.6622063841139,8.77332918496416,10.9278031252311,10.0005723302134,26.186519323335,34.2695582012111,47.7998252303526,59.7824577544783
12.497732,25.25,1.0645111,52.0077939832533,2.33979129158574,2.25807359599329,2.66163695481907,1.86831702073847,2.94270487317997,3.31844778715207,3.04406302143564,2.69018120021323,2.43982217126342,3.77597109387938,2.10640133488796,3.77910658670211,2.79900322477082,3.45887989439853,3.47823939534002,3.05400906454767,3.27541144092443,2.71773403142152,7.2595018423981,11.1735327025062,14.7914823869461,18.783277051403
12.497732,25.25,2.505,57.5014191168895,2.54122165051708,2.44217825138925,2.93504540469275,1.99385964435913,3.26851840046489,3.66594255656436,3.43830155304316,2.91075441335294,2.62617587018193,4.22823587595972,2.2804204438421,4.25282197813859,3.04761970310949,3.98746202979959,3.8564382101165,3.43392616509193,3.60738340048261,2.98511356578346,7.91844530659908,12.3666221544315,16.2984085814753,20.9179430743836
12.497732,25.25,3.9454889,60.7675805565872,2.65922681016949,2.55484156395935,3.09958842718246,2.08604606677516,3.46087459202106,3.86737974693113,3.69016906567605,3.03199612574108,2.74487802586124,4.49967349648202,2.37682234403605,4.49962681026748,3.18434483264536,4.30585224968766,4.08011405003448,3.67656705273489,3.80014755059113,3.14943174579113,8.3136568013113,13.1044694714034,17.1529968023879,22.1964574814846
12.497732,39.539419,2.505,26.1004756910139,1.27347321550497,1.68805615529456,1.18454296235787,1.08938495795257,0.970464235993009,1.76783904460259,1.97092475852454,1.39932514524097,2.05671782724359,1.55661494778502,1.8689640988217,1.17099880859643,1.33098763579224,1.74007279455873,1.22153109227782,0.917471144516952,1.25076336730091,1.64234349864946,4.1460723331574,5.79861299707271,8.05262082768771,8.10316953309611
20.2863,6.0787324,2.505,285.748206473088,12.2179854309628,14.5000403237086,7.49708294482105,18.8815232064448,13.8434420028017,20.2094179227899,10.5543996420442,15.3820374714559,13.0445459174479,15.6493184455014,19.0065420133468,20.2388633607462,17.8081286508623,17.5060086841445,17.3216758962653,16.7133860587865,17.6310178458806,17.7427906550776,34.2151086994924,63.4887827740807,83.3213072084981,104.723007791017
20.2863,10.960581,1.0645111,145.747335131204,6.50487003476109,13.2437506658317,5.88502154099923,7.67635964729654,6.00669621966861,12.494439264211,8.25277259300419,7.24252432811584,7.01150205293405,6.14177429537873,6.42100208825194,7.88317801963112,9.09126408775527,7.66975016319063,7.66230557663205,7.87878916928069,9.75735875566413,8.92397662859751,25.633642241592,34.4302677241803,34.6999807843117,50.9834443811203
20.2863,10.960581,2.505,160.292564126497,6.60438359891166,14.9341425326445,6.29292918057394,8.07456755876364,6.36702976229709,13.7983866891147,8.93532887074788,7.9679053638253,7.45855693906532,6.55793925830208,7.47800371480424,8.49589315313856,10.0546568516289,8.28559350237839,8.47811151431107,9.12627938777189,11.4152831436922,9.96757310452527,27.8314553121301,37.1753128809233,37.9582984291355,57.3274975043078
20.2863,10.960581,3.9454889,165.55926994065,6.60190351000116,16.1140801619402,6.53806189916591,8.45574916962665,6.61152078455629,13.2171796650907,9.31670505010968,8.32205399607967,7.2236987662972,6.76737991715121,7.77440901888229,8.86760768909601,10.6150443865936,8.67392595455187,8.83394586193767,9.59091655109453,11.4845360903079,10.5505514681672,29.2540455711073,37.6011546693833,38.9551493875064,59.7489203126528
20.2863,25.25,0.57238131,45.7644724303024,2.67034622491681,2.21019579292725,2.4008618266397,2.47664469179633,2.1522282682601,2.50353525686962,2.19791629830082,2.24663990362158,3.03321198453693,1.88804718595736,3.19827400439803,3.42807613361405,2.96782297853459,2.87000974409966,2.3966645869161,2.61128001175593,1.7659700828201,2.7467474543374,7.28140384448376,9.33032451522687,13.794249212128,15.3584948584638
20.2863,25.25,1.0645111,48.832521408196,2.90247592346491,2.31364168451457,2.55787453877812,2.6350340391386,2.29567773536186,2.63627890556401,2.32692853904208,2.37223096135603,3.25611231901716,1.96896485247813,3.46388094999931,3.74741467332434,3.15629643387336,3.07683884961058,2.5180550391947,2.78092805430621,1.84234721221174,2.98154069696031,7.7739921467576,9.89391921910655,14.808603756175,16.3560062861569
20.2863,25.25,2.505,53.891331561802,3.07953394717346,2.48240578775769,2.84012612409242,2.9453451969998,2.55832037800223,2.81260721182735,2.54318237595716,2.56190388476244,3.67211321460597,2.10318675665769,3.92872490591801,4.32281132888475,3.47710697922145,3.41052052960737,2.7144124696473,3.09426608710905,1.96984206560116,3.37492231797668,8.40206585902357,10.8594551627865,16.5887400908289,18.041070449163
20.2863,25.25,3.9454889,56.8901951411137,3.213729010674,2.61743068824805,2.99953695143147,3.12506254579188,2.70550042398962,2.90803172189685,2.67590139207647,2.6676890649646,3.97392367312649,2.18318285473966,4.18620019212014,4.627908660573,3.66701181717271,3.59721436951327,2.82677018034122,3.28237226837379,2.034830486426,3.59789883965453,8.83069665035352,11.4144960837548,17.6389044455239,19.0060979614815
20.2863,25.25,4.4376187,57.4317216270649,3.00494670849754,2.60293870527369,3.04888968128936,3.17193920952044,2.80360517090851,2.91878361432241,2.70988073830939,2.6904165938354,3.99368331815904,2.2038811687935,4.25273207349014,4.71152010458655,3.71714754555309,3.65177354032208,2.85462781451466,3.34057093088308,2.05292610933969,3.70145859946632,8.65677509506059,11.6042087330608,17.8522332588646,19.3185045400789
20.2863,39.539419,1.0645111,22.9579400520723,1.36338221954598,1.01442771486863,1.17316059927826,1.79994198102503,1.58424992742544,1.71098188750385,1.6684801215922,1.25011311682456,1.00914497883733,1.32133579649688,1.09390387692191,1.25722855286737,1.02535055456524,1.28071422854361,0.895939583821734,1.37582655031435,0.949596991032093,1.18416137060786,3.55097053369288,6.76365391754652,5.93172632194805,6.7115892788849
20.2863,39.539419,2.505,26.0057094913321,1.55958404464487,1.13910646519823,1.31622505211905,2.0772676997163,1.81874925008016,1.9146077834611,1.94771248043092,1.47192231750664,1.10128141887602,1.53993329605745,1.25563487138245,1.42544988520932,1.18112356124805,1.39029140737836,0.9499732450935,1.5663977870431,1.07363704682739,1.27681187905917,4.01491556196215,7.75833721368849,6.79422178903188,7.43823492664957
20.2863,39.539419,3.9454889,27.7400211419753,1.56240338324044,1.20918671527108,1.41009892893777,2.22958655077185,1.95681952607848,2.02091834469225,2.12699135157405,1.60134767226836,1.14970752111576,1.67802763536291,1.35039331418293,1.54055051518732,1.28435596594418,1.47019897849646,0.995246279310949,1.66267286473522,1.16188929009296,1.32962630471235,4.18168902744929,8.33431577311664,7.32002665811728,7.90398968329212
20.2863,44.421268,2.505,19.0447147844021,1.22667075744913,0.91574820659027,1.57634204752285,1.54342934611539,1.20816501619544,0.658558385589535,0.87967718650285,1.54848790572749,0.659681780783633,1.05727698906776,1.15413838544987,0.615569627126481,1.06072803461317,1.07760473249333,0.46553690293462,0.57001486773707,1.38222973299111,1.44485487951208,3.71876101156225,4.28982993440321,5.03515468815524,6.00096915028138
38.038476,3.9368763,2.505,446.469122435435,30.9654145757893,29.6809444461671,27.8614216979711,24.756240902437,26.0084477193299,24.6476755282871,21.9054051872572,19.729694018975,23.5243781472626,20.8133478542737,21.7932439082055,23.4681063942989,22.0264140601674,28.2516750301341,22.745703513318,25.4140893401463,26.5826113083622,26.2943088030528,88.5077807199275,97.3177693373112,109.328770323016,151.314802055181
38.038476,6.0787324,1.0645111,313.159465034962,19.5021419914124,26.043967954185,19.7725826870901,17.1612600771285,14.6792038346576,20.1586535137831,15.5493242468861,13.9873519867239,16.3710586610678,15.9636797506846,16.0719331708346,17.5932407135834,15.8936811897428,14.564157768896,15.8311661011401,17.1671221322059,18.6571348677677,18.1918043871721,65.3186926326875,67.5484416724553,79.9872642828942,100.305066446925
38.038476,6.0787324,2.505,339.388796562093,21.1011654009872,28.6164224919864,22.0704015548349,18.3940811835638,15.3602632220371,21.8205517233164,16.8006433250735,14.91923377358,17.346486972581,17.1643252487712,17.3794638893406,19.5116948893,17.4592468317625,15.1404211101539,16.8347505621043,18.7090232118226,20.7889754315069,19.9716457393709,71.7879894478085,72.3755394539908,86.3212047735729,108.904062886721
38.038476,6.0787324,3.9454889,355.345323792112,21.9683357719848,30.1582928078614,22.8855711828756,19.1536292523389,15.9357842366964,22.6815769538119,17.6020003740848,15.2368696822921,18.5608330178827,18.1684070136308,18.2028685615331,20.7083806528627,18.3473471474406,16.0717718424417,17.6088962335217,19.7378947068842,21.1800750329022,21.1367893210667,75.0121997627218,75.3729908169321,90.8773589282013,114.082774284257
38.038476,10.960581,0.57238131,157.284136856141,9.16330334787908,11.3883139465433,7.45599018152473,11.049013490994,8.58454126420766,10.3218476048313,7.82112058676984,7.31793248570586,7.48638008929442,9.36838616096637,10.0224424760948,9.75228133452764,7.86171722711716,7.71551036912353,7.62065732925847,7.72732347491631,8.32883591936882,8.29853956701778,28.0076074759471,37.7765229468029,43.9474225465891,47.5525838868021
38.038476,10.960581,1.0645111,166.27301631136,9.40078053405961,12.1071698400159,7.85063068882262,11.1606262929679,9.2571080048667,10.8843860039501,8.2651630152213,7.65056692542566,7.84752780912742,9.7976988368977,10.9008122313795,10.9912225329636,8.48339389867449,8.09654798694128,7.97124082609935,7.97363059271008,8.62620685075996,9.00830344047673,29.3585810628982,39.567283317006,47.1878283357939,50.1593235956619
38.038476,10.960581,2.505,183.885374885178,10.7692897744273,13.5683092008584,8.88383962933563,12.7517832921644,10.1800734753891,12.2121074448029,9.01610966311747,8.26620451701167,8.48044736662899,10.7409411946668,12.2473792802646,12.0778066199793,9.30492313831666,8.91190811692432,8.6160557233406,8.64982710630412,9.32960775219882,9.87876158944704,33.2214386046213,44.1600738754739,51.8127789785514,54.6910834265316
38.038476,10.960581,3.9454889,193.87781398283,11.3989634105244,14.5696130837701,9.58187616997491,13.3943347528465,10.5758219134533,12.9263237016408,9.42187052248161,8.59648892556323,8.82800058746216,11.2526082406766,13.0527934746597,12.8401221875579,9.78549224007204,9.32399156808427,8.91763188378453,9.02149312888927,9.77940843191832,10.6109797594706,35.5504526642694,46.3183508904223,54.5700134159196,57.4389970122191
38.038476,10.960581,4.4376187,196.107766466792,11.4816273341681,14.8108914534791,9.53504028019046,13.5689283740725,11.078310153471,13.1078615379993,9.5696741654077,8.68116736790932,8.89082169431723,11.4101021647442,13.2604032397167,13.0344422445399,9.65742958018792,9.43210522280584,9.05798301314758,9.11272014302971,9.86198231744177,10.5562761801635,35.8275590678376,47.3247742309505,55.2769367112273,57.6784964567763
38.038476,16.835469,2.505,111.058735745257,7.95017540637811,7.8248206637066,3.50912576572317,6.32315056622258,5.64757866266596,7.11887198239229,5.07384580842438,5.2304854124629,5.27158892937491,3.11902298284955,6.95842656617064,7.56706292286075,6.23362957686462,6.46049246150545,6.59460353062862,7.65832264603553,7.44739400903184,5.07013785195933,19.2841218358079,24.1634470197052,28.1465868137187,39.4645800760254
38.038476,25.25,0.3564649,42.229080034738,3.92594314903538,1.85423753930627,1.28792656081721,2.79075437221989,2.7630594597687,1.87578184708558,2.14204735819101,2.33230701272211,2.44730134933512,2.14235527463312,2.71230261794479,2.79078878483275,1.78180271011284,2.47749859653178,1.98222583336846,2.115812171133,2.80488670008784,2.00204869761215,7.06810724915887,9.57164303726519,12.4250550394679,13.1642747088461
38.038476,25.25,0.57238131,44.23885093548,4.20433621216915,1.85274344891094,1.31160782673062,2.95022735936638,2.9597253253692,1.92395853953939,2.25637094451966,2.45242902507621,2.54787293262914,2.22402387703002,2.86462096182765,2.94157775679177,1.82845021521174,2.6121624142655,2.06332571610735,2.19390672863461,2.95627086998534,2.09524078131535,7.36868748781072,10.0902821687946,13.0305245533548,13.7493567255199
38.038476,25.25,1.0645111,47.7579371398885,4.73259235103251,1.91431836918183,1.3728273923372,3.198370631236,3.25538695223459,2.01938922369231,2.41814133450285,2.62588204624708,2.79062485055519,2.41323123429523,3.10882911778786,3.25429623580317,1.92349664999055,2.80740728040686,2.20982492295037,2.30168162126373,3.16613594131586,2.24550098505533,8.01973811255154,10.8912881416658,14.1928634846885,14.6540474009827
38.038476,25.25,1.6567473,50.528586579302,4.8992909640907,2.03282125021935,1.40431683886367,3.42592653392603,3.53669848747138,2.08704789176314,2.57652672942546,2.78353607091255,3.00052955418736,2.55349071302196,3.30734781363826,3.5023522000368,1.97166185621838,2.95925465048815,2.35153378593807,2.40094927717461,3.35227706809122,2.38302489383494,8.33642905317371,11.626199642586,15.1472563517969,15.4187015317454
38.038476,25.25,2.505,53.6351065115531,5.36627920944558,2.04021980802133,1.43731051947447,3.69041354545329,3.77770107032151,2.14663177089707,2.73410361811639,2.95590914598696,3.23205503852188,2.72030515385155,3.50322235223308,3.73963046576864,2.03275302712814,3.12026190473704,2.49601666821119,2.50355453516446,3.5749983602123,2.5637403180082,8.84380953694138,12.3488500047883,16.1511221563621,16.2913248134613
38.038476,25.25,3.3532527,55.9926248118119,5.6281738901403,2.09285321134363,1.4591448232356,3.8902444724843,3.96968047194817,2.20775870658316,2.8508088262403,3.0830266768818,3.38496699274297,2.87050378666594,3.65522107902252,3.92309781631545,2.07678850497721,3.23643324433759,2.61554259626827,2.57867264364573,3.7494099280978,2.72029714088111,9.18017192471953,12.9184924772559,16.9168163516287,16.9771440582077
38.038476,25.25,3.9454889,57.3370788357287,5.73949692682753,2.12741518056822,1.4742026647747,3.99430174119533,4.07517551629147,2.23947999906685,2.91588925128768,3.15488604509464,3.48035836865823,2.97858668363293,3.74170014883782,4.02297391029423,2.10015484310977,3.31030629576341,2.6922750891238,2.62705645031643,3.84789223991886,2.81492748096677,9.34111477217045,13.2248465078413,17.3785051565178,17.392612399199
38.038476,25.25,4.4376187,58.2823404788368,5.81628768989971,2.15226731412533,1.48323155042031,4.07084151771929,4.14570579793168,2.2686973936866,2.96499108402654,3.20298248210528,3.54203634352357,3.0510642961552,3.79497905950928,4.09076274355671,2.11635253958792,3.35873658738117,2.74718600887046,2.66552103698313,3.92761222446006,2.88308480889457,9.45178655444535,13.4502357933641,17.68182492485,17.6984932061773
38.038476,25.25,4.6535351,58.689260909548,5.84467411218294,2.16726636359339,1.4886192545469,4.10363159308998,4.18495298397507,2.28999846049373,2.98189674257374,3.22217948683326,3.56691464244861,3.0863276847197,3.82674403278526,4.11701549273567,2.12437911741173,3.38199086119741,2.76760617906413,2.67927239247629,3.95364414581603,2.9021473636042,9.50055973032322,13.5604797801325,17.8191813395225,17.8090400595698
38.038476,33.664531,2.505,27.748196101042,2.16564102502205,0.967936818838372,1.17120600681303,1.69972280124848,2.02302507906787,0.774568055447013,1.45499836572169,1.62184358058489,1.37238399754889,2.24840737869243,1.6496189304274,1.13238326986532,1.41421204832631,1.44102763945524,1.59678470328824,2.36200586866141,1.6945360424653,0.957894489568095,4.30478385067346,5.95231430148505,8.02463715711894,9.46646079176459
38.038476,39.539419,0.57238131,19.0826307784416,1.22170107461034,1.24108875710311,0.868924098590802,0.845695496423969,1.19553588134732,0.78678583104141,0.414756665116094,0.743585269181873,1.47186778276819,1.31999056520064,1.28308386309307,1.06259576571176,0.796269728743919,0.645103847726853,1.51147239482195,1.22239594154014,1.21476669293252,1.23701112248763,3.33171393030426,3.2427738739288,5.88112324595554,6.62701972825302
38.038476,39.539419,1.0645111,20.9343496101235,1.3166683794163,1.41287422110705,0.947423497010821,0.89963174193611,1.32749996408174,0.85374132868171,0.424827303831113,0.77825965442611,1.652661140784,1.45863604619921,1.42408253176388,1.13883583753454,0.852372794977069,0.695617771362718,1.67930202630586,1.32229629608456,1.41269403621821,1.33692503840252,3.67696609753417,3.50570033853067,6.45247521070774,7.29920796335093
38.038476,39.539419,2.505,24.1339139336379,1.59439684463164,1.61158390368515,1.07878438969105,0.972689313107622,1.58012252172306,1.06047695594417,0.430609405918072,0.832731375673018,1.91769713436817,1.69973943500623,1.66524110593566,1.29853917455871,1.00548886670691,0.805367580308511,1.9732290719496,1.46794488884243,1.65291547871504,1.48635648687282,4.28476513800784,4.04389819669293,7.4139482255418,8.39130237339531
38.038476,39.539419,3.9454889,25.9521322268092,1.71087417212272,1.75480981529134,1.14580593936766,1.01404536574272,1.72477977864367,1.16652504199815,0.434808431861125,0.869104215969913,2.06152066188247,1.86434016374714,1.79357041120939,1.40958086976001,1.09883551139014,0.883571279226411,2.12899608616991,1.53866748049368,1.7772450171527,1.57505198478004,4.61148992678173,4.34015861824566,7.99811632256893,9.00236735921288
38.038476,39.539419,4.4376187,26.3912244139088,1.69474694435271,1.79472968871851,1.16398856375207,1.02062050261666,1.76808591380243,1.19274788739548,0.436051474196437,0.880906726699896,2.09597792913351,1.90712338870743,1.83286935782479,1.44317718425768,1.11933884143081,0.90695058905728,2.16761247194449,1.56273803965089,1.80654556083094,1.59701334953678,4.65346519682328,4.417505778011,8.16005458662331,9.16019885245119
38.038476,44.421268,1.0645111,14.5171904963782,1.62027464032044,0.711914262962109,0.583625747807728,0.693874247050619,0.543649637109673,0.400320239728875,0.566054134894476,1.4119104826464,0.231682775022399,0.40592798581296,0.268040811065862,0.429648875055719,0.905583595134274,1.38038835385295,0.700343004553672,0.885715483012401,1.21648028836197,1.56175593198564,2.91581465109027,2.20389825878364,2.74721092960334,6.6502666569009
38.038476,44.421268,2.505,16.2946975043819,1.87328141780695,0.8091054932219,0.644316100178488,0.744657364028661,0.571538037548906,0.433696437691372,0.676284204103989,1.64042117303719,0.167278490119833,0.368847525452964,0.24882645078907,0.440169572424853,1.08035268455155,1.63462500463873,0.756083772991149,0.991737064039001,1.42756547781531,1.78591123394201,3.32670301120734,2.42617604337293,2.86554321182391,7.67627523797774
38.038476,44.421268,3.9454889,17.1810634728464,1.99579398278352,0.870112832294259,0.669609323989216,0.750031302264915,0.578025489038065,0.450889958119975,0.737817836290978,1.75416702586599,0.129297595630802,0.355191999900231,0.230246741643925,0.439903156657916,1.16440716188267,1.76364852426159,0.799933729629754,1.05145325582439,1.54852391561432,1.89200964115384,3.53551613906699,2.51676458571393,2.90880651969886,8.21997622836656
38.038476,46.563124,2.505,16.1090645818656,1.44173097239733,2.02816128000165,1.00566438945631,0.721986742230466,0.378503692781043,0.715801011020015,0.651009629355551,1.77072769815957,0.127636927553762,0.193956336330127,0.198214672722374,0.287652356257023,0.844728285610469,0.940220329156026,1.02030777287259,1.14019981513117,1.3131115095376,1.32945116129254,4.47555664185529,2.46730107538707,2.57818799102286,6.58801887360039
41.537762,25.25,2.505,47.0281989975622,2.24982854002244,3.79801496246641,1.97506480022697,4.17090691985332,2.24679479855942,2.52767100548128,3.43117389048839,1.68224492554467,2.86902840832085,2.08996115515067,3.61377847186919,1.92555383035707,2.18330005337346,4.05534230117477,1.92102015242196,2.0499892812721,2.47255684163098,1.7659686593483,8.02290830271582,12.3765466143824,12.1805667912424,14.4481772892216
59.401706,10.960581,2.505,199.240974314364,13.8372609649279,12.0497609064843,12.1517262015065,12.5631199144044,8.9000985504516,13.4684927393566,11.6721133719097,9.44448443278608,8.92535234508464,11.4251903285824,9.51755209841533,11.0136405123503,10.6884516413173,10.0039403028736,11.8177687144669,9.93070843395907,12.2992437697694,9.53206908571819,38.0387480729187,46.6038245761223,50.3262197172188,64.2721819481045
59.401706,25.25,1.0645111,44.6169430240184,3.7038166560649,3.26119955201396,2.29763086365804,2.00547954907352,1.79992090247472,2.04121980923371,1.73988460932857,1.89174107974462,2.25284640375637,2.18181184489938,2.55297276429213,2.57819975090217,2.4381148682736,2.65650985232988,2.86047352311235,3.43275501681287,2.68103818007875,2.24132779796886,9.2626470717369,7.58650487011052,11.4575718435947,16.3102192385763
59.401706,25.25,2.505,49.006111116689,4.18805349416534,3.56606062975001,2.52541718975228,2.15872535037443,1.91008218454557,2.1644568359016,1.91296484874641,2.06578229283169,2.40608761506999,2.36911869641115,2.77545760750034,2.82005316402502,2.68924050990848,3.03707072486219,3.25745120894058,3.8371952144371,2.90004872645476,2.42284482301209,10.2795313136676,8.14622921956801,12.4364993758382,18.1438512076152
59.401706,25.25,3.9454889,51.5207996388422,4.20150869086867,3.78172031564459,2.66460089113587,2.23500385767765,1.98015565562516,2.20944671111837,2.01604753078435,2.16182388787291,2.50548382919388,2.50644774277843,2.94291795045488,2.98317341334184,2.87617307448237,3.24509789126158,3.48253478617047,4.1214630439829,3.06445458940765,2.54274577704061,10.6478298976491,8.44065375520553,13.0998468236419,19.3324691623456
59.401706,39.539419,2.505,27.1459042170927,2.69631173842042,0.749925216553951,1.04315130325115,0.813318482701715,1.45197100035265,1.31776047785703,2.02068845114857,1.52118273347985,2.11285724380612,1.55813231330709,2.0419126019467,1.0376225762756,2.04118235727156,1.15989343074791,1.31148622978645,0.738885196654797,1.98717881592092,1.54244404761022,4.48938825822552,5.60373841205996,8.27170746881536,8.78107007799186
90,2.8220488,2.505,519.055668031215,39.6601235087358,34.481818096837,58.0762032988031,23.6256205236281,36.2283884675664,29.0344141019761,36.8590804405802,34.7539232590169,31.8860806365184,25.320796573664,17.3379373176583,24.6692855414153,24.4223190009841,24.968792195715,22.2471427324671,18.1153822239856,17.1190781137738,20.2492819978897,132.218144904376,125.747503533751,133.968023328273,127.121996264815
90,3.9368763,1.0645111,451.866319824624,50.1243659049862,28.0351969274863,46.2681753485151,20.5714581356429,30.8112233205081,22.5547618792057,26.8318716881943,27.9083945673297,22.7969425260817,22.705458963147,18.3043050068243,21.1882695561618,23.7551287986225,20.1213118758565,21.4774989486765,14.938535853322,14.3699373354922,19.1034831885714,124.427738180988,100.769315023551,112.903370619545,113.765896000541
90,3.9368763,2.505,467.628832918461,48.0171740501245,27.246319340012,47.4166708023072,21.1416065913751,32.7774507205074,23.8324163221998,28.5326996701572,30.1136102566728,24.0235183731824,23.4585551192706,18.691708996387,21.7280023852526,25.728672948584,21.4249424215651,22.8380609614951,15.4242527397975,14.7078652508736,20.5253059686973,122.680164192444,106.28417330424,118.015395130765,120.649100291013
90,3.9368763,3.9454889,491.930880731998,56.6174905260342,30.1805125145564,48.3665733585195,21.4495477222171,34.1411926573036,24.5942045430986,29.9085782500329,31.6764298482168,24.790581421532,23.8923381912945,19.009735855018,22.1564533873709,26.9591797321404,22.354712096433,23.7206361343357,15.6547757565283,15.0093669612226,21.4485717761438,135.16457639911,110.093523172652,121.525538703432,125.147242456804
90,6.0787324,0.57238131,380.966985428449,53.3190789498168,37.3715563444852,35.7290488046032,20.0971173770635,22.2305682091169,21.1732603718353,21.1387374541578,17.8329067117237,20.2111550980577,16.220075727964,12.4211438119687,14.3325076726926,16.74221596265,18.4451100288623,16.037846132976,11.5660281377053,12.5503958168579,13.5482328159119,126.419684098905,84.6396834121736,81.0177890224068,88.8898288949632
90,6.0787324,1.0645111,390.312333841473,53.3302302354377,37.9346717140048,35.4923282444829,20.7263103748434,22.9984412909258,21.9423334229129,21.9118422860064,18.599695403769,21.235931218998,16.4482463712406,12.5278228581667,14.8690296380286,17.3982217139456,19.5096542139411,16.5989504135528,11.9326321236903,12.7758876253321,14.0801046921941,126.757230193925,87.5789273746884,83.6807254902029,92.2954507826559
90,6.0787324,2.505,409.595772459474,49.2850568922826,40.6986380743827,38.1824748997696,22.9644786768487,23.6390899294412,24.1045187771574,23.0186652864091,20.1544783238269,23.2237285004527,16.9720473630423,12.7092131726997,15.8916134228259,19.0038725965957,21.250336716491,17.6568135206633,12.5703792747182,13.3386880000368,14.9316790318305,128.166169866435,93.7267526698564,88.9510807828476,98.7517691403355
90,6.0787324,3.9454889,431.738703168526,56.8817152843553,41.6417262600461,38.3818710824738,23.3287294675056,26.1660204150155,24.7659401652179,24.6637507436506,21.2688664943906,24.7098449660868,17.3755766519822,12.993681521331,16.670234702751,19.8101961833842,22.3758691015594,18.7076765047805,12.961148148275,13.731936308099,15.3039191676212,136.905312626875,98.9244407913896,93.0182043365416,102.890745413719
90,6.0787324,4.4376187,436.624793672213,57.5431972677994,42.0403300854081,38.7449104815818,23.638633393046,26.6052840874566,25.0717551042793,24.9371030368288,21.5784715978353,25.0949973636255,17.4645916938623,13.0552367371307,16.8581250517749,20.0957009920572,22.6431091527997,18.9742797181617,13.0397945208274,13.8221849131098,15.417088474628,138.328437834789,100.252775621611,94.0514224442287,103.992157771584
90,10.960581,0.3564649,181.568693380542,12.4555456456899,15.565805667064,18.2086818669006,10.6865304357817,12.44267056537,9.94738042690037,9.30381175867872,8.74770760368513,9.02219298238158,10.6876737756682,7.77125213610362,8.96516847119599,9.19375000904402,8.09720050098983,8.25538914917104,7.72912040788204,6.69417044870446,7.79464152933102,46.2300331796545,42.3803931867308,45.1939949690346,47.7642720451224
90,10.960581,0.57238131,189.147793653564,14.3662348090007,17.0557175861134,18.1326957502955,11.1139171088245,12.9614198938166,10.2317996945888,9.58381738382475,9.06257993881773,9.26681984642987,10.9469656312397,7.91959892712069,9.25397206320369,9.54003314835867,8.39003951623855,8.50109163754726,7.96950982820041,6.83204446313172,8.01953642681083,49.5546481454096,43.8909540810547,46.4499364068117,49.2522550202874
90,10.960581,1.0645111,199.168778432829,16.3715621477326,17.7701404439016,19.179464042747,11.6036371059047,13.5344569036198,10.7404099479118,10.1830088023433,9.37651325381127,9.62812146775177,11.0211788052756,8.16355156115035,9.85236289341933,10.105710538928,8.8891189331755,8.90625089794028,8.35895501517483,7.07157956139619,8.41275611064558,53.3211666343812,46.0615127597796,48.0417279814083,51.7443710572603
90,10.960581,1.6567473,209.536403682916,17.7023071917338,18.4972504141228,20.3202599412678,12.298783867318,14.5141567411467,11.1705755280749,10.6205333534603,9.70935099212316,10.0939906807544,11.94408276428,8.42945326273445,10.3079423354124,10.5289071930353,9.3291919658878,9.2798025445806,8.71563512330104,7.32999728518719,8.74418249849535,56.5198175471244,48.60404949,50.4848200353044,53.9277166104872
90,10.960581,2.505,219.202107049344,18.8880127802765,19.1785480790257,21.4405248329568,12.7379404164535,15.3903305080082,11.6064492798596,11.1334582156896,10.0800801051085,10.5300077402579,12.5059548469417,8.66087015885813,10.8095408350866,10.9969931347122,9.77951374257487,9.66175895162641,9.05920916261218,7.64240002155516,9.10051423774065,59.5070856922591,50.8681784200109,52.5864536862529,56.2403892508215
90,10.960581,3.3532527,226.890489243082,19.7327070439146,19.8496358690309,22.4298381985091,13.1943187580305,16.086615872323,11.974287636387,11.4917105016242,10.2959061651146,10.8563070334494,13.0906724721885,8.79624966757276,11.1794357494807,11.3892931610564,10.0920609575315,9.93953822327321,9.28597667569648,7.84385359280202,9.36208166509761,62.0121811114546,52.7469327683647,54.2185710878059,57.9128042754572
90,10.960581,3.9454889,231.141886925458,20.2191981424511,20.1173826246821,23.0053601108838,13.3476124780337,16.4456680939386,12.2433722981377,11.6863568100293,10.4964570945403,11.0697300673646,13.449835702893,8.8647286859848,11.3688182773306,11.5996450432263,10.2619350555527,10.0876902191946,9.41388514713614,7.9462422556711,9.51796881840726,63.3419408780171,53.7230096801394,55.2495698281132,58.8273665391882
90,10.960581,4.4376187,234.40101175064,20.5651867508285,20.3739908068027,23.3629127332471,13.4935090847174,16.7208937600594,12.6211559243365,11.8394536540243,10.5774024317834,11.2118762746625,13.7133981423066,8.91594162435702,11.5117497278619,11.7606601993302,10.3753788976156,10.1982462879527,9.49713068290123,8.03510867944429,9.62701608840843,64.3020902908783,54.6750124231377,55.9303682009714,59.4935408356524
90,10.960581,4.6535351,233.55080697024,18.8230966268688,19.4632293257691,24.1509781406307,13.613455287498,16.887612906476,12.6419993021682,11.9585442374979,10.6319916657039,11.274544163275,13.8331286862968,8.94142689155961,11.5576915403361,11.8363433314817,10.4332829374587,10.2466226171505,9.53242101835303,8.05246742834391,9.67197086337245,62.4373040932686,55.1016117336401,56.2387829471714,59.7731081961603
90,11.922885,2.505,206.306224733515,18.0889016514516,13.6990568107107,13.3542128712856,13.3963264339397,11.0476806433858,13.6113927512505,11.9692163191478,9.20005884266268,9.07410916814628,11.8356250023235,10.8998050494431,9.06844883265567,10.5739530797074,11.1451440376242,11.7803383191003,10.0998214067821,7.52175629440848,9.94037721948972,45.1421713334479,50.0246161477238,50.0780468952312,61.0613903571122
90,16.835469,1.0645111,116.842277256261,5.27811197853267,9.28128465404,6.31602955159482,7.11118791994078,7.37900626452511,5.53491743996211,7.23812904707527,6.25287098170622,6.25922740774202,8.32487908576578,5.72614444646137,5.61492001763712,7.36311806666173,7.56755259941296,3.45312465018399,5.81011681060436,6.21793928253881,6.11371705187564,20.8754261841675,27.2632406715033,32.1780419393125,36.5255684612775
90,16.835469,2.505,130.019293386925,5.98389931150719,10.1285213252058,6.70661049377086,7.89903910490335,8.33684892320642,5.91169664501045,7.94503730915216,6.96366727654539,7.35684107096795,9.68414555292568,6.27669079932148,6.22614351951079,8.33428605483638,8.47392356280766,3.64383845114988,6.46579154943107,6.85022820533812,6.83208423133448,22.8190311304839,30.0926219822724,36.5074882192713,40.6001520548976
90,16.835469,3.9454889,138.228186316505,6.47180399414289,10.7403087258525,6.94134921210624,8.40151117098427,8.99784457590821,6.21961379722389,8.37804178941794,7.38946017499833,8.08284342767951,10.2980761462874,6.60443060745351,6.62196137401975,8.86689820777825,9.18333614395699,3.7811583645896,6.85657291838249,7.18519366693557,7.20778201878741,24.1534619321016,31.9970113335343,38.9967717304385,43.0809413204303
90,25.25,0.24408128,52.0710252589332,2.86164691136708,4.37880588414502,3.99094062700259,2.81404006176809,3.05427054819221,2.77220743269651,2.46698384825394,1.83909076556694,2.4368846742528,2.2822617786633,2.12253131609493,2.37070378941016,3.86024450635303,3.14956453016458,3.62148392930981,3.18924745606313,2.29847477932506,2.561642420304,11.2313934225147,11.1075018909108,11.0514723239881,18.6806576215196
90,25.25,0.3564649,54.4992233405464,3.55500352791148,4.49258518420458,4.13886569863767,2.90319897529541,3.14785235508061,2.88629754981492,2.55370653123435,1.89937269828952,2.53270615435336,2.34918617502648,2.1811224362273,2.46392123535528,4.01092777802236,3.27699089136076,3.81386827023172,3.31790474677489,2.35994198667178,2.61577114605396,12.1864544107537,11.4910554114253,11.4263086992519,19.3954048191155
90,25.25,0.57238131,57.9521067545683,4.41356312834492,4.58837686079819,4.36564999183295,3.0431282501368,3.30330307245803,3.03174359255022,2.67749463182876,1.98397820598741,2.68286031098665,2.44268576289269,2.27075347873228,2.59201966287083,4.23439052618696,3.5499814016554,4.16300735974726,3.49856256257309,2.42910884347006,2.68149911151575,13.3675899809761,12.0556695469738,11.9722974214699,20.5565498051485
90,25.25,1.0645111,63.2660263544246,5.46391843700181,5.01261047976912,4.74654363584651,3.24772211954211,3.51152142455812,3.25434908789906,2.88275021365818,2.13499742947613,2.94040235109583,2.58208285314411,2.40752991671077,2.78584031995267,4.56882626488704,4.00302793868115,4.62715126725183,3.7986093611892,2.51798087641886,2.78016237734213,15.2230725526174,12.8963428456575,12.8508528703795,22.2957580857702
90,25.25,1.1615191,64.4185385252918,5.90149087433035,5.18486498454952,4.78655017615384,3.28095303024554,3.5493185029909,3.28026636196206,2.90916040042256,2.14768819790029,2.99512610459541,2.61052772655101,2.44777136297625,2.80745382791223,4.62281189252145,4.08040099301467,4.68346586599861,3.82351614556131,2.51917696526715,2.78799511233861,15.8729060350337,13.0196982956211,13.0085672199352,22.5173669747018
90,25.25,1.6567473,67.9225911070597,6.60354070335595,5.32990984540415,5.11356190493402,3.45612871597867,3.71545838317108,3.44126746855655,3.02878080031955,2.24486920279743,3.15477046146707,2.68383120451772,2.53791312724202,2.91645863489671,4.86061260419182,4.39990341796989,4.9675895767312,4.01452624052024,2.58209739570109,2.87137141930457,17.0470124536941,13.6416353680259,13.537842630921,23.6961006544188
90,25.25,2.505,72.4151943588143,7.49543061728457,5.66490168631845,5.49495984620281,3.74147399292468,3.97222710149916,3.63016879630107,3.16571258354172,2.37863279749698,3.36751004191075,2.81093617766343,2.66163623388901,3.05832725723355,5.14014565734711,4.72947497030567,5.2402097915881,4.20491614213265,2.67146309167425,2.98706757350036,18.6552921498058,14.5095824742666,14.2770425081937,24.9732772265481
90,25.25,3.3532527,75.811637383466,8.1105336325084,5.97208235322649,5.76705255609188,3.98130053318125,4.1841438821885,3.77424131567534,3.26763103072684,2.46881946874835,3.50671153692382,2.89753942364612,2.74488726678741,3.15990657340348,5.34890508519995,4.97364107142942,5.45000456307738,4.3497845781904,2.75715667317148,3.09729583928946,19.8496685418268,15.2073167617719,14.7778642695092,25.9767878103581
90,25.25,3.8484809,77.4101154173188,8.3756831320092,6.16242469531484,5.89919751594922,4.08567903915892,4.28854570521414,3.84731797222804,3.32047104894231,2.51608012149227,3.5822465241672,2.92968781953976,2.78276263714944,3.1911524876458,5.46207092233702,5.06151184701603,5.55588930943505,4.41225701167401,2.78543220143309,3.15170542661247,20.4373053432733,15.5420137655434,15.0019295899945,26.4288667185077
90,25.25,3.9454889,77.6796073409846,8.41980082868444,6.18654558239494,5.9099109194814,4.09834276064189,4.30238394533586,3.86238687524532,3.32781074885876,2.51993086835768,3.59211650472278,2.93785681721606,2.7897211018094,3.20649468292949,5.48321670900603,5.08520104785308,5.57340313206393,4.4175749672621,2.80036066129131,3.16654918783011,20.5162573305608,15.5909243300818,15.0461199750354,26.5263057053066
90,25.25,4.4376187,78.9499030439039,8.63486374263795,6.26479797765346,6.02687779803147,4.17934705317435,4.38890642342413,3.93829274331828,3.36834492075709,2.55481454993833,3.65105902256746,2.97252400180994,2.82244206062788,3.24267621355238,5.58123567866234,5.16386461751817,5.64121290433164,4.46450868760185,2.84079269755098,3.2133419507462,20.9265395183229,15.8748911406739,15.243515848496,26.9049565364112
90,25.25,4.6535351,79.481123660177,8.72817246423742,6.29892154169017,6.06327079586374,4.2175000905512,4.40647462164182,3.97424873620975,3.40237934165092,2.56067705297117,3.67121964646008,2.99461348806093,2.83009124763869,3.25776522268273,5.61295407560017,5.20461626244411,5.66993909814783,4.4935347049079,2.86077821047325,3.2339670589451,21.0903648017913,16.0006027900537,15.3143666578136,27.0757894105184
90,25.25,4.7659187,79.6546033027755,8.77114011258225,6.25165512571697,6.09860226616041,4.23772466578839,4.42099098743512,3.98169619630262,3.39535799913945,2.57050012577016,3.68089831484128,2.9974572145336,2.83768961627297,3.27027145670082,5.63312905674046,5.2079569866079,5.69559925722407,4.49968445492179,2.86428538884386,3.23996407719333,21.1213975044596,16.0357698486656,15.3568167281188,27.1406192215314
90,33.664531,1.0645111,35.7366116894499,1.98495237211535,1.46544630826247,1.17457713041111,2.21913034771376,1.46025801204655,1.97654886093346,1.41385305625092,2.22627978091283,2.35019686410427,2.09895638756151,1.75133841975337,1.72086252072699,3.05569054241749,2.87369431797202,2.69695666916815,1.90512257223128,1.70232348991908,1.66042403694926,4.62497581078893,7.06979027694469,10.147633973059,13.8942116286573
90,33.664531,2.505,40.2849406147025,2.5321100177582,1.52204303843428,1.22351972203408,2.46077343708235,1.5938144084012,2.20336486629371,1.51978485631325,2.54734325300673,2.64917226418065,2.3432773211919,1.91690754409846,1.87571230936894,3.58085099055928,3.31000020142429,3.0745519595326,2.19880565472168,1.89505597014879,1.83785280015216,5.27767277822655,7.77773756809051,11.3324126918467,15.8971175765388
90,33.664531,3.9454889,42.8407297067016,2.9046731993237,1.57154921444505,1.25037187585131,2.61868827826345,1.64270936473987,2.37389358356506,1.57451741769947,2.71483700628501,2.81190397015482,2.48499668926904,2.02355716222272,1.97384896385677,3.82058109608518,3.52899198003989,3.26678671593191,2.34178779215889,1.99744355625221,1.93959184055725,5.72659428962006,8.20980864426785,12.0091437917884,16.8951829810253
90,38.577115,2.505,26.3408728665186,1.29776300106205,1.19796611920149,1.14770999094702,1.3827574826016,1.32554326133974,1.41953312334212,1.2244182086731,1.53438932453649,1.66696588515494,1.7290017270771,1.56421290903829,1.61515150872311,1.62749549444533,1.62716104282685,1.60674139932462,1.46611428338735,1.42627648187835,1.48167162295899,3.64343911121057,5.35225207595657,8.10972135452992,9.2354603248215
90,39.539419,0.3564649,17.6290449402873,0.417474668011766,0.560246709838814,1.3829600781418,0.992173906217073,1.49016852154975,1.57808024460296,2.17059943650454,0.999121628473781,1.76441954846314,1.46559590042923,0.764234236989235,1.4736991485557,0.352511391764398,0.512883775415845,0.383393846719329,0.464617688845945,0.327130475990347,0.529733733773677,2.36068145599238,6.23102210887433,6.46707046291107,2.57027091250954
90,39.539419,0.57238131,18.6923032037417,0.46338353826333,0.578258447854829,1.45712207378843,1.00228954992769,1.64818344645427,1.71895252275556,2.37925374471899,1.05652054775634,1.87707555267644,1.57839919795027,0.780482792012939,1.60444621774215,0.352196766716658,0.503775821538159,0.378982920844487,0.455917547749198,0.316778343114108,0.5402841718778,2.49876405990659,6.74867926385651,6.89692430813815,2.54793557184041
90,39.539419,1.0645111,20.1127885686271,0.423506449767793,0.590867864353743,1.57884017857303,1.02067903767483,1.85451606638741,1.91750000282796,2.70529130438689,1.14350967623373,2.05506077717182,1.74953886118973,0.814609203961471,1.79399695108725,0.353591087610581,0.488851398696897,0.366385010804308,0.426412946111889,0.276541996904101,0.553089754883655,2.59321449269457,7.49798641127709,7.556715469644,2.46487219501143
90,39.539419,1.6567473,21.494857520539,0.715534966769967,0.594387283729504,1.6811408782443,1.06031500227707,2.00390986014595,2.06247595276435,2.93125675737568,1.24452210379392,2.22199441803086,1.87428644867939,0.830423994632636,1.91981402200024,0.351587103435945,0.474256771162637,0.363231934972303,0.404568212862915,0.24815070607643,0.513001103584917,2.99106312874377,8.05795757256305,8.09104098713705,2.35479583209515
90,39.539419,2.505,22.9603613701685,0.949663044768949,0.627456490760949,1.78558902702715,1.0987854096348,2.1449803446562,2.19127638305357,3.15778965060015,1.34359091396989,2.42177889304179,2.04180804511224,0.864863991331279,2.03750984063676,0.351694252332319,0.460952371097042,0.365790634456694,0.387083241522846,0.254800910694128,0.474947925471723,3.36270856255705,8.59283178794472,8.70955168409197,2.29526933557475
90,39.539419,3.3532527,24.1151307975047,1.2163291774267,0.639848165160827,1.86765968359264,1.12521510770547,2.24384557954726,2.27726787224003,3.29092143850153,1.42133789917191,2.54198512985567,2.17192261461161,0.893462830085568,2.13157297435756,0.350694798907884,0.450575582036564,0.370765703577211,0.378922737088466,0.265303019520761,0.477500484117068,3.72383702618016,8.93724999799429,9.16028144808233,2.29376232524795
90,39.539419,3.9454889,24.7025901079777,1.33122312743791,0.648127438988991,1.91961788607232,1.14032687493511,2.29695185761805,2.3204677083404,3.3729628345808,1.47116210824683,2.59787831606263,2.23392486903053,0.906598235485186,2.17433225748567,0.353517100565678,0.44288864525836,0.368248588045135,0.367964304883636,0.27605269912474,0.480345255815669,3.89896845249923,9.13070927547436,9.38389578631086,2.28901659369322
90,39.539419,4.4376187,25.1650307081854,1.40884130900155,0.656918149342467,1.9512692846078,1.16593286623696,2.33299270064323,2.35076957570226,3.43163992704543,1.50033092777876,2.63878400130991,2.27710344689691,0.927914481802565,2.2186686747681,0.349251437052134,0.43805497357956,0.378984632266357,0.36327425411854,0.289908136411872,0.484391929620948,4.01702874295182,9.28133506962789,9.56280153255625,2.30386536304941
90,39.539419,4.6535351,25.3946846114987,1.45377980295953,0.657636900561803,1.97460249011022,1.16808823311768,2.35251830994006,2.36279399222522,3.45152046954914,1.51099948233309,2.64925180090293,2.29677378284573,0.930429182773453,2.23879920071942,0.350145023440389,0.450093729886617,0.382490146190814,0.394050569303273,0.288112798883821,0.482598695755471,4.08601919363155,9.3349210048321,9.62625344957462,2.34749096346039
90,44.421268,0.57238131,13.567213163509,0.770663398159623,1.0583367395282,0.947742330693242,0.0632248641083421,0.105059477526576,0.326314800423766,0.252193072934434,0.618594095933748,0.66627658936894,0.717831034214639,0.756194431492936,1.16968500911753,2.18763006505005,0.217760613802761,0.884397027537979,0.836568378078657,0.933357962527712,1.05538327300984,2.77674246838107,0.746792214993118,3.92858116012779,6.115097320007
90,44.421268,1.0645111,14.6090707599935,1.08582379584316,1.12619883641294,1.0201736844406,-0.0356605314941499,0.0393242269332182,0.338394275806341,0.109416254302681,0.671920362894945,0.725263405502015,0.797424441393888,0.823759239814918,1.29835225049481,2.47275104297558,0.128154158579718,0.948128672820457,0.892186656275864,1.02179848663186,1.14566150036461,3.23219631669671,0.451474225548089,4.31671970010058,6.60868051764809
90,44.421268,2.505,16.6924806061283,1.53023492854793,1.28748939763767,1.16743735194825,-0.166419992186865,-0.0228372408770376,0.323095035738819,0.0427174282139702,0.766595530530657,0.844353394890319,0.907860706853796,0.94077365223688,1.54156004367155,2.89477210992885,0.110962145388667,1.09257169661393,1.01611325474575,1.14325885946286,1.27194230278227,3.98516167813385,0.176555230888886,5.0011433281832,7.52962036892233
90,44.421268,3.9454889,18.0466937640993,1.78766248832235,1.39427661767547,1.25413461146997,-0.275558497308865,-0.0323446550106894,0.314456302263351,0.0504139413670655,0.83620547365158,0.918652808075712,0.977844997067559,1.03001668729402,1.66349522943168,3.13284933128059,0.135069924342649,1.21083349383626,1.10272921966184,1.20873021877823,1.33722557190056,4.43607371746779,0.0569670913108618,5.42621519552055,8.12743775980014
90,44.421268,4.4376187,18.448493045742,1.8324961486128,1.42070994225573,1.27151531550996,-0.257503609789603,-0.0265583508416999,0.314461263767962,0.0762235256502283,0.860202693421813,0.936607736330103,0.994141950086394,1.0413918735149,1.69046936642449,3.19667104968785,0.143853292698303,1.24572391466782,1.12844634502862,1.22555863195899,1.35408195675736,4.52472140637849,0.106622828786887,5.5228136197777,8.29433519079894
90,46.563124,1.0645111,11.4899606077209,0.171442532972915,0.316829089037975,0.333361667325704,1.49530769346137,1.71457985404932,1.55918626415566,1.35839560769713,0.535548324924029,0.76244432211858,0.874614968389097,0.877368234980498,0.898149962768045,0.244041540724085,0.202884032022936,0.103738489039734,0.0644689287699535,0.0326864897918667,-0.0550873945079978,0.821633289336594,6.12746941936348,3.94812581318025,0.592732085840577
90,46.563124,2.505,13.1217504380054,0.392506567030748,0.313755936466666,0.318892006271421,1.67662340751441,2.05089110529757,1.76865101964282,1.64996133800021,0.618426190546667,0.842152947194555,1.04351303058453,1.03344605523265,1.05244432359615,0.193840448001637,0.18808912052528,-0.0155332613127879,0.0347235486413959,0.0438778245966932,-0.0845111698251733,1.02515450976883,7.146126870455,4.58998254715455,0.360486510627045
90,46.563124,3.9454889,14.3402754638015,0.535738728166179,0.315008191280788,0.313737227231402,1.76329334280407,2.20950915388632,1.86617257530441,1.81194283836518,0.660918402562466,0.905375091687534,1.17947061278343,1.15868601266007,1.17740299883516,0.19684483999969,0.195702781419846,-0.017653987835172,0.0431249218130748,0.0898628890471061,-0.0648611562100356,1.16448414667837,7.65091791035998,5.08185311852866,0.443020288234509
90,47.677951,2.505,10.2452528742292,-0.693469154291989,0.211160194478864,0.505171235623524,0.440668326121365,0.22990326867854,0.251762904511113,0.492403537859655,0.630004800964527,1.18144951483714,1.44654915020965,0.312454121365458,0.86141657038361,0.484999183578448,1.27396563280809,0.662929419937449,1.03012021541701,0.515706053536361,0.408057898210344,0.022862275810399,1.41473803717067,4.43187415776039,4.3757784034877
120.59829,10.960581,2.505,142.557942188958,13.2370094615712,6.58760611229575,7.89312587542142,5.77756517398198,8.02289379687931,6.04886777494006,9.31782570379941,8.22103092382702,8.48265179890844,9.08586598575084,5.73365148893347,8.35445506891754,9.37276442524237,7.4049760024754,6.64004237254888,9.20620905622893,6.57974249810012,6.59165866913557,27.7177414492883,29.1671524496008,39.8776552663373,45.7953930237313
120.59829,25.25,1.0645111,44.4782215320288,6.67174504533742,1.7431322491295,2.36958333002663,1.74458317923927,2.36859339250954,1.45254657636493,1.72347943671907,3.10080768644395,3.56636878004003,1.96917189037427,1.86317997761894,1.55655247308302,2.42948218103469,2.73706022739107,2.53840327334885,2.98842463165055,1.72110123469864,1.93400596701842,10.7844606244935,7.28920258483282,12.0560808075602,14.3484775151422
120.59829,25.25,2.505,48.3966757303282,6.61509927590628,1.86925992890674,2.61039671304533,1.8994081285031,2.65275974319088,1.60847583904784,1.80827856667386,3.4264393532337,4.05906539887201,2.14875845120619,2.07285351478675,1.66532357633949,2.75051091055857,3.04087454271679,2.80872219073508,3.42569931057377,1.7969748449589,2.1377754410729,11.0947559178583,7.96892227741569,13.3724402944381,15.960557240616
120.59829,25.25,3.9454889,50.9287892051358,6.68198447889797,1.9399791077115,2.78580749023352,1.97280732281641,2.81689992116138,1.66941170488484,1.8558590229154,3.61977718062619,4.31500019668035,2.25296304433031,2.18424493730204,1.73582204253465,2.9821592780442,3.29250696298024,2.99465774812141,3.71351525215341,1.8538151696755,2.26157834406645,11.407771076843,8.31497797177803,14.1078074014735,17.0982327550412
120.59829,39.539419,2.505,23.5951019676553,2.64604692638254,2.21212138052676,1.05430506600288,1.78744580831418,1.28756569980918,1.93518985062983,1.64682179603423,0.787052121259623,0.496379714787656,1.25655715955715,1.20360274215338,1.2535820163403,1.3911961611469,2.0426381934002,0.433829675901369,0.886739639750389,0.816644994911866,0.457383020746862,5.91247337291217,6.65702315478741,4.9971737540981,6.02843168585759
138.46224,25.25,2.505,34.9005243284208,2.845581732877,1.20829894275867,2.08875215648416,1.38685872192616,3.2185043592661,2.3508176464428,1.57395505204703,1.51323462747816,3.50105536676791,1.55321352060712,1.82489729765207,1.17333508935331,1.65028292292561,2.62647543567953,1.62811431512534,1.90289685168508,1.47669713790645,1.37755315143833,6.14263283211983,8.53013577968208,9.56573590185857,10.6620198147604
141.96152,3.9368763,2.505,222.400643765624,21.3391909180494,15.9547294803869,12.3181362450622,12.4571304504795,11.8750771783731,9.07660851871429,15.1273551195476,15.0250454838919,13.2354899957657,9.41607137533727,9.77571635069026,7.45576661668925,15.7297697916941,15.5620584615707,10.9119910267485,10.1016204216491,9.05119264249859,7.98769368847619,49.6120566434984,48.5361712671145,54.9080898223744,69.3443260326372
141.96152,6.0787324,1.0645111,175.730195923308,16.1537052709059,10.4321978856952,8.98456441265325,10.4798535776244,10.2295736425442,6.65028573097421,9.44452187338794,13.278874067363,11.2095006681981,8.21345632038142,7.36226574448426,6.23175271302213,12.296256812929,11.7059243696559,10.4420357692199,9.49868903354096,6.70240983096739,6.41432819976056,35.5704675692543,36.8042348245307,46.295849513449,57.0596440160737
141.96152,6.0787324,2.505,185.553937795869,15.1904304500002,10.804179457086,9.73125123008225,11.3633795884541,11.0392958815468,6.9542721263443,10.7300485642931,14.674290578118,10.7609642210414,9.09780279075186,7.97540136297269,6.50403335576983,13.351815466218,12.746853132978,10.2807438878659,10.4687507994492,7.10914972431708,6.77127517858007,35.7258611371684,40.0869961606384,49.0124923086538,60.7285881894082
141.96152,6.0787324,3.9454889,192.801246047145,15.1010921602831,11.077138334561,10.160575802082,11.8613926786812,11.7463663403309,7.17014643022718,11.3238995337448,15.4888348238992,11.347546710505,9.41882617265931,7.98182927723115,6.66590089966792,13.9331288652465,13.4613300027907,10.8159429085183,10.9862939590972,7.25267177189802,7.00832937572152,36.3388062969261,42.101804982984,50.9029378839626,63.4576968832722
141.96152,10.960581,0.57238131,95.5961147754679,12.0886554589688,4.36036406064565,5.16793966152304,4.14673835788492,4.5185986140917,3.59691115984632,5.91588866701943,6.53170503859443,6.58433264648888,4.75766106485481,3.67051825134811,3.31901035403077,6.26386054010427,6.49280371373719,4.94755280806231,4.72855409685559,4.45733766342266,4.04768261798904,21.6169591811374,18.1781367988424,24.863227355317,30.9377914401711
141.96152,10.960581,1.0645111,99.7802645877342,11.0851457751047,4.30534443612832,5.40725112265617,4.35982854722246,5.46686656416959,3.75393493081763,6.17727050126304,6.86239655032755,7.35141546133971,5.02593402513306,4.06621245647217,3.41560134517325,6.63901324128196,6.87977286520457,5.13200371723038,4.8955227877125,4.75189488045412,4.20485538004299,20.7977413338892,19.7579005434727,26.7215598384458,32.5030628719265
141.96152,10.960581,2.505,107.59601830687,10.8301443199981,4.45302369491641,5.82721003570397,4.65100231150415,5.9230341439336,4.05729698746313,6.98721951129831,7.50875552113403,8.31370791769456,5.41689568512446,4.45999880151911,3.55906746709579,7.28813406882295,7.51891354438372,5.59809863588112,5.26248414536301,5.21372387540033,4.72730763963329,21.1103780506184,21.6185529541992,29.2584253925679,35.6086619094844
141.96152,10.960581,3.9454889,110.874491335703,11.1560520021629,4.53870001787447,6.06112811815948,4.86666307009741,5.40926882617534,4.23600527601752,7.22844619543511,6.99967112578189,8.85395184370473,5.69746382654868,4.76022550340654,3.68706221645558,7.68096056213231,8.00984500446629,5.79876781729576,5.38197597694912,5.46750957796487,5.04079437507465,21.7558801381968,21.7403833677254,29.9983745158974,37.379853313883
141.96152,10.960581,4.4376187,113.8818997656,11.2668020976945,4.53371864416704,6.10020497441176,4.88910447651584,6.31304285947116,4.2779589986002,7.3638141327321,7.80368466034474,9.02441278168838,5.80027025696898,4.75873612309849,3.71595901772925,7.78144918316439,8.03352052745495,5.91350988602781,5.67318584662115,5.53381366378507,5.09871163512413,21.9007257162733,22.8439204673193,31.1030628398298,38.0341907421775
141.96152,16.835469,2.505,71.7831082882208,7.07807386139301,4.58932571022113,3.40506493052791,2.54812879556511,3.51886176897912,2.15849154906957,4.66253660215649,5.57763810266604,4.16013960510295,4.51216599309866,2.91065807904277,2.79832757765799,4.85662522342645,4.5123907654552,4.07772984255114,3.7205719312529,3.86439375362513,2.83198419642921,15.072464502142,12.8880187157703,19.9589293575684,23.86369571274
141.96152,25.25,0.3564649,36.3334583390888,4.82562523604809,1.34685051118426,1.8470078408807,1.30787372181094,1.86669211243806,2.31318235653388,1.74111034135078,2.87239767270004,1.85720039422158,1.65416416197936,1.88196454970983,1.5744214067942,1.73791977009257,2.42292644622763,2.46829597387615,1.58327154575259,1.67987051741952,1.35268378006862,8.01948358811305,7.22885853213365,9.840148185405,11.2449680334371
141.96152,25.25,0.57238131,37.6872219311769,4.76552618666481,1.39885514726686,1.92765028106011,1.40034700815725,1.98748647549989,2.30286089813668,1.83709898665381,3.08574555485271,1.91391287334007,1.71328689408954,1.99465435773906,1.56130958868677,1.81618995639981,2.53112054324657,2.61393182074541,1.64892779086942,1.74995748484291,1.43836008292525,8.09203161499178,7.52779336844762,10.2689092687082,11.7984876790294
141.96152,25.25,1.0645111,39.9478013543819,4.7017507194854,1.44851160553292,2.05874285569099,1.52058474041539,2.22802307294208,2.34859995845638,1.96711370983342,3.3839371411193,2.10028985342413,1.79328370743425,2.14975188676911,1.63744645116358,1.92629720443169,2.7209054562664,2.86343956362046,1.76633652451232,1.83072835989408,1.50205854338995,8.2090051807093,8.06432148164728,11.0647090399104,12.6097656521149
141.96152,25.25,1.6567473,41.598141593552,4.65219962292241,1.47889096743268,2.15752321915222,1.56098687745385,2.38966864092387,2.28619316967583,2.06943934794567,3.64825623760485,2.20675564340962,1.87378382036965,2.28797268496373,1.72558244844625,2.01675029542954,2.83147389763043,3.02580628804529,1.8860749345922,1.92102132021695,1.57976217733695,8.28861380950731,8.30628803599922,11.7423508347941,13.2608889132513
141.96152,25.25,2.505,43.5480091508098,4.78250518103767,1.5131404661911,2.26513837223831,1.64905965136058,2.49063981206887,2.27233274428968,2.1768018528105,3.91368143268515,2.2884447069975,1.91857003784662,2.42461266907516,1.81446449280865,2.1182763000572,3.01841854194638,3.21406661849457,2.01715229862276,1.99933884452278,1.67136512775628,8.56078401946708,8.58883406052964,12.3597733394131,14.0386177314
141.96152,25.25,3.3532527,45.1234889915584,4.91812204666464,1.52758839008109,2.35201553915239,1.76793205959266,2.58753800451224,2.27843976721816,2.288813317346,4.10868734845077,2.36637819299297,1.97085327018206,2.51464495341549,1.8718344639156,2.19282176836957,3.13759782289016,3.33473414454697,2.11995561556595,2.06866330597859,1.71686898068314,8.79772597589812,8.92272314866906,12.8323982289569,14.5706416380344
141.96152,25.25,3.9454889,45.9279854623027,4.95806698977121,1.54708760159151,2.40122435622306,1.7972503770104,2.64481299445317,2.31887574914776,2.32710091925218,4.21010764678402,2.40082938582212,2.00258123929188,2.56403543537357,1.8972448973677,2.22828108257327,3.20652403325136,3.39649301428601,2.17839931251253,2.10201060872057,1.74705981887036,8.90637894758579,9.08804003986351,13.0747986046393,14.8587678702141
141.96152,25.25,4.4376187,46.5499322233269,5.01149987603534,1.55033756941458,2.44451619487522,1.82517953833583,2.68801675071451,2.3254316580717,2.36047253918175,4.28260792442444,2.43115221125626,2.02896493102034,2.6049477716625,1.92503402749223,2.26693044675998,3.23747327052774,3.44649564283678,2.22314277270797,2.12787372931576,1.76985536869399,9.00635364032514,9.19910048630378,13.2727068658558,15.0717712308422
141.96152,25.25,4.6535351,46.8053754479653,5.0304519465345,1.55121229135161,2.46591567894952,1.83633080747123,2.7084833716498,2.33043295906981,2.37282795644611,4.31561584416929,2.4380757870368,2.04373961887574,2.6094454730595,1.93671616424498,2.26924583671447,3.26311290206509,3.46859408400304,2.24320574446118,2.14126909503,1.78069988683259,9.04757991683563,9.24807509463694,13.3435928873863,15.1661275491064
141.96152,33.664531,2.505,29.0574465966524,3.36684092121139,0.855409697139616,1.67275777209045,1.00735792845717,1.99598538908004,1.18453627934814,1.8613311997736,1.72232858893685,2.21197989163452,1.32816260983844,1.06312017682408,1.46582518686394,1.93001424047851,2.32898060337917,1.45783504084483,1.44271219210263,1.24211815291423,0.920150725734833,5.89500839044145,6.04921079665895,7.79141645409783,9.3218109554542
141.96152,39.539419,0.57238131,18.6059891354845,2.42980726515536,0.530625821976602,1.23510320100582,0.984983160966277,0.627752653302727,0.496020565723227,0.717787834322985,1.27069841098565,1.04068337124685,0.63863790571841,1.14773880747693,0.944367967185636,0.98695316225701,1.5391017645957,1.04902443662561,0.7440433032796,0.48865031309007,1.73400919057,4.19553628813778,2.82654421431522,5.04212646261348,6.54178217041798
141.96152,39.539419,1.0645111,20.1554469308799,2.55918841264029,0.524138557979168,1.41380095705282,1.05743766377797,0.655859653365053,0.514808373702153,0.735833265157389,1.42102316676649,1.14561263589482,0.674692681156157,1.27546607431113,1.02604307492384,1.07447117425007,1.7523767826465,1.1150607436212,0.792645158214734,0.525562698137747,1.89142585728233,4.49712792767228,2.96393895600257,5.54283763305243,7.15154241415258
141.96152,39.539419,2.505,23.0167286310903,2.98154747413468,0.531426884722514,1.70377868570097,1.26030856671981,0.705803423335015,0.545943208575536,0.78988493765977,1.70002403991207,1.31752730356165,0.721302426795887,1.44244086812442,1.15190240212667,1.21110580330701,2.07921375987312,1.20822359873193,0.938042316221767,0.590775668502492,2.13747726308504,5.21675304455816,3.30194013629013,6.33319704052069,8.16483840972137
141.96152,39.539419,3.9454889,24.5989391345921,3.23371261083271,0.52689326061639,1.85169055112599,1.40097981754121,0.728346787441326,0.557427295071881,0.84252870027026,1.90219416045126,1.41136795725525,0.752149991910557,1.5842299163912,1.234102127055,1.28360165263574,2.23365581551201,1.26419642030597,1.01095612534133,0.637140196867954,2.14376574796605,5.61229642257509,3.52928260032467,6.88404415306327,8.57331595862905
141.96152,39.539419,4.4376187,25.0218622785612,3.28445014340231,0.530280428339929,1.89207092862177,1.42401046974674,0.737740071808021,0.558548985811875,0.860856210775979,1.96091388528079,1.43700506600502,0.762093964069791,1.60789629926622,1.25948100566794,1.30184929247089,2.27538734907387,1.27607200449174,1.02867052671801,0.651981151835051,2.17255449517527,5.706801500364,3.58115573814261,7.02739022028976,8.70651481976483
141.96152,44.421268,1.0645111,14.7490423835323,2.68627768896302,0.539212956119377,0.687268442905203,0.380735593557105,0.674672269771756,0.390636929293996,0.374282855722675,0.557265520155489,0.216179082502069,0.439632965215774,0.139584262992944,1.05593894040494,0.927512035137379,1.04515230714807,1.26156130189411,1.40263240345304,0.608944720267675,1.36155210802764,3.9127590879876,1.82032764834553,2.40860077127121,6.60735487592791
141.96152,44.421268,2.505,16.729962626354,3.16702420720849,0.600192540759317,0.781390407698916,0.40875760804509,0.807921262122497,0.429570094184401,0.388048153269699,0.602264057483054,0.165019306298209,0.478464919048584,0.0610873175110114,1.20778333134578,1.02934567522674,1.22826599935344,1.46548929906608,1.65443861941664,0.702442307395486,1.55245752092055,4.54860715566672,2.03429711762169,2.51461893168664,7.63243942137895
141.96152,44.421268,3.9454889,17.7725387057424,3.44274508806371,0.633800485337385,0.847835512950791,0.428002027381994,0.884486555366431,0.438408344491701,0.402907013950839,0.627368437455533,0.13394439015424,0.513481362860649,0.0239602217767481,1.29569508327856,1.07320824737408,1.3345524486178,1.55974744447935,1.78404802419187,0.734191979071127,1.61415603893959,4.92438108635188,2.15380394119096,2.59444949552573,8.09990418267381
141.96152,46.563124,2.505,18.1217561002954,2.45953292911065,0.690297637691378,1.04076361217765,0.530016463657615,0.45713464800125,0.400051325253201,0.810691446960698,0.489636919675956,0.234461667773125,1.14477520728108,0.913188071414458,1.13532038065548,1.21765649074096,1.21855327285457,1.15628698047136,1.08174558664082,1.18560479278671,1.95603866714847,4.19059417897968,2.19789388387276,3.91738224680011,7.8158857906429
159.7137,6.0787324,2.505,237.95395599006,18.7376560634498,18.6148886992461,10.2279412845738,6.77233732103697,9.56087741132858,18.5664257178042,11.2845604011944,11.9526284647643,10.8787961947893,10.1378229287833,8.09593453044438,25.5526340286037,11.2360054766526,10.9644795433304,10.230040871942,8.57204306179979,6.50763849686154,30.0612454934547,47.5804860472697,46.1842008513641,66.6178161473851,77.5714529440411
159.7137,10.960581,1.0645111,104.291424233832,12.8643639548308,10.4658341971933,6.36234122975672,3.44397613454572,5.41878832948714,4.74395873898341,7.25284983985413,6.23952653265544,5.91105328862464,4.48932730322343,3.35266041668247,4.48771290695487,6.62440621875672,4.67373414034092,4.72611453766315,4.21577737969543,5.10600884329748,3.91299024128659,29.6925393817808,20.8595730428704,24.4802804481408,29.2590313610403
159.7137,10.960581,2.505,109.955968188163,12.2642231270381,10.6640904387031,6.98305146238944,3.66923863415649,5.76884143615015,5.18773622446239,6.8417161876799,6.93988429206813,6.49547741237463,4.87805142594503,3.57543009969213,4.75808770974707,7.36893892458451,5.21401341397022,5.08843616973167,4.66045886300368,5.28653985971244,4.3117525067538,29.9113650281306,21.4675324824489,26.646930939827,31.9301397377563
159.7137,10.960581,3.9454889,114.00420284028,12.2581534723906,10.9170346797942,7.36507252460862,3.80894649805464,5.96284536670847,5.29848597384713,7.21237788947403,7.21064489857167,6.83565723377538,4.98080793290985,3.54917872126519,4.94787471886721,7.78815001708603,5.44879775730175,5.31033691093036,4.84624603705,5.74571717759332,4.51787503005129,30.5402606767934,22.2826557280843,27.5241635053893,33.6571229300128
159.7137,25.25,0.57238131,38.3357806475875,3.99934930603406,1.38360322060108,2.30359543486431,0.820583278159712,2.38981900526617,1.39267955719757,2.54200092181722,2.64974490633518,2.04476888128107,1.25647511218168,3.41118600174424,1.64616371955822,3.35296899268327,1.53786282013526,2.08873070563975,1.83204396596273,1.5277338575324,2.15647096059355,7.68654796149946,7.14508276244067,11.0083386211004,12.495811302547
159.7137,25.25,1.0645111,40.2254111616659,3.89288016360147,1.43869138913213,2.47870679972559,0.8529007669138,2.55769209540127,1.53178628119346,2.72112486677581,2.85810078186792,2.19064233716447,1.3086176201886,3.21096952328239,1.76222460936492,3.70420877077322,1.60276398919922,2.21251978110603,1.9375446064319,1.62746568965622,2.33657108988748,7.81027835245919,7.66350401028434,11.3305548718683,13.4210739270541
159.7137,25.25,2.505,44.0836577112228,3.916528033394,1.60318802652851,2.77133818151074,0.921395282391055,2.86513931724213,1.69295462025238,3.01242092229753,3.25258363157093,2.43628494386102,1.39798935801424,3.18710464878975,1.95161761014898,4.32459848593488,1.71714910595533,2.4136809011106,2.14503493936108,1.81753887217171,2.6571108306879,8.29105424143325,8.49191014218309,12.2255801923849,15.0751131352215
159.7137,25.25,3.9454889,46.6711333732785,4.01125825301198,1.82644601263733,2.95649265828773,0.962761040019979,3.06862200298771,1.7309322196527,3.18249853125695,3.47779337592159,2.60551116630391,1.45793136419815,3.2542463551986,2.05967596063486,4.68813701172264,1.80116443187897,2.5387724849106,2.29094107282417,1.90170126308178,2.85624816874884,8.79419692393704,8.94481379391733,12.8551582222571,16.076964433167
159.7137,25.25,4.4376187,47.2789853887677,4.03347576583003,1.85221778401897,2.99687672744553,0.973780503101059,3.11358409296368,1.7507876345278,3.22252566344478,3.53410338222319,2.63391810099718,1.47113945248067,3.26197866674932,2.08324796721177,4.78274413886946,1.81932337672625,2.57284428162179,2.32076119413447,1.9460361027593,2.90964055366246,8.88257027729453,9.06067789403732,12.9843875696621,16.3513496477737
159.7137,39.539419,1.0645111,18.1096923966823,2.29160833179003,1.05598645548828,1.1187479538567,0.463481450599999,0.808887098885975,0.827911614011058,0.679127487567402,1.67476761832139,0.852503548558656,0.657492578513371,0.570969636331023,0.746477453225898,1.03000349915874,1.40275185216269,0.948908718545624,1.04019604831054,0.640990513509945,1.29888053784501,4.46634274113501,2.77940765106443,4.50221083495033,6.36173116953255
159.7137,39.539419,2.505,20.4375295226902,2.44457255509056,1.29871075713171,1.21354004968217,0.497518150788779,0.909345454593754,1.01293279962029,0.749905448732962,1.95766794390041,0.900084519430173,0.680093471741655,0.656320016102541,0.759601460417128,1.17333745097189,1.65354035658172,1.06538981867053,1.19437830627768,0.736404856778391,1.5341861061778,4.95682336190444,3.16970185373579,4.95376741159191,7.35723689545802
159.7137,39.539419,3.9454889,21.6775459123138,2.57091633876185,1.35515717924953,1.2682265860611,0.503074071817569,0.972982604988339,1.05053415917106,0.777679614984731,2.10880621953745,0.925235288776069,0.705245898575125,0.702597217144786,0.834744425079943,1.25647105014548,1.79121615055904,1.1285661671805,1.28622760670936,0.781803820215346,1.65806151335656,5.19430010407248,3.3042704509617,5.27662904911338,7.90234630816629
159.7137,44.421268,2.505,17.6543234125621,1.98241885382456,1.18222497151324,1.77000792281974,0.816888490052437,1.22645371874975,1.08180824565213,1.14680863076698,1.17125959280404,0.946115069856722,0.46527154727856,0.578204148562297,1.1683855545857,1.42110526052714,0.49814294003265,0.521703379699203,0.342330911208971,0.419503064863491,0.915691109764535,4.93465174815754,4.27195908522129,4.32923591308731,4.11847666609599
167.50227,10.960581,2.505,131.125469554071,14.3347080705458,7.90343704800388,6.25433282547977,8.83470848840504,5.21902137429263,5.51520173869132,5.88754408593049,7.69544389884062,6.14785449718603,5.16992637566355,14.1264373633796,5.4898493257076,8.47549411520594,6.85893723172515,6.35390476364276,4.52383339730043,5.62627792879761,6.70855702527241,28.4924779440294,25.4564756873195,38.6295114607774,38.5470044619443
167.50227,25.25,1.0645111,40.8690418219648,4.14988624552945,1.95126077354342,2.56894201792595,3.39116982755758,1.93850778366141,1.81679249973315,2.30454914704273,3.27983468932179,2.38778482149788,1.69021999314375,1.57770639475594,1.77085117741076,1.83643447424211,2.94633349924593,1.28057052450708,2.03156716255783,2.46838615934393,1.47824463094413,8.67008903699881,9.45101925799488,10.7063970761301,12.041536450841
167.50227,25.25,2.505,44.4744343089601,4.07110164357034,2.17294423137275,2.87920874890289,3.49840218936073,2.1008211282709,1.96701964407528,2.48702377980817,3.65581764190735,2.64636682413497,1.91830188941161,1.72589406050846,2.05551989268199,1.99659466502997,3.35924953013301,1.36654259570398,2.30896219259607,2.82071593953744,1.44394771195417,9.12325462384598,10.0532667415151,12.0019003086444,13.2960126349546
167.50227,25.25,3.9454889,46.6955555906116,4.04736660266069,2.28454891808309,3.07988657008482,3.7035318775589,2.21254819344191,2.0846810990694,2.60015102365932,3.85821756436024,2.80671109448717,1.97793618987845,1.80173324788365,1.99348667721175,2.06759168697424,3.61028242389246,1.41236580255281,2.44747891966181,3.05993005840596,1.64710764074499,9.4118020908286,10.6009121937295,12.4380847738213,14.2447565322323
167.50227,39.539419,2.505,20.4587551246224,1.44967591217174,1.15425457442214,1.63646973545942,0.701683039845465,1.05286860266461,1.27449628447931,1.06465231352018,1.36735149030946,1.36791589841784,0.938532359469896,1.31327733399275,1.42644130434308,1.02711057277974,1.10787543422924,1.23063596598072,0.621320195980007,0.660037976657041,1.06415612989977,4.2404002220533,4.09370024050956,6.41351838653302,5.71113627552651
171.55619,25.25,2.505,50.9696285264112,5.75407299774904,2.97513225713313,2.55479599839066,2.30060937368639,2.31400613287635,2.89568140785042,2.20811326673232,2.06539124793468,2.51144483889149,1.25080471499905,2.2756020790917,3.80212022942284,3.18330904393965,2.7719037130834,2.86264297402235,3.33199798095063,3.19214020080028,2.71986006885681,11.2840012532728,9.71841018114548,11.9053631103398,18.0618539816531
