"angle","gap","Re","hair1","hair2","hair3","hair4","hair5","hair6","hair7","hair8","hair9","hair10","hair11","hair12","hair13","hair14","hair15","hair16","hair17","hair18"
8.4438139,25.25,2.505,0.00493598132293549,0.0172760878842,0.0142052173425997,0.0123833209124771,0.0111189329451137,0.0146186170717881,0.0131753701113799,0.014294250716399,0.0128124678090482,0.0124056322931769,0.0139010199905524,0.0145615788212351,0.0138270243384431,0.0137813164566653,0.0132232438258324,0.0133252599198904,0.0145213865507706,0.0146322465280704
12.497732,10.960581,2.505,0.00686402379098514,0.0165851878344055,0.00567983409607398,0.0113794483852402,0.00790076245423296,0.0149514516966187,0.00973019010262642,0.0117761397592031,0.0105916270404579,0.010838778634289,0.0129617679890235,0.0144105106572525,0.0123796015751264,0.0124570977237464,0.0117303372106887,0.0124637702223249,0.0135830874993257,0.0142847600494204
12.497732,25.25,1.0645111,0.00564008244656495,0.0151574698122538,0.0103919215121095,0.0107681574544294,0.00879022564471802,0.0124102651395758,0.0103721044502134,0.0109755554933638,0.0104239716245344,0.0103070371485616,0.0111089729393103,0.0119953026704381,0.0112828923599534,0.0109561035549639,0.0112119980691272,0.0114469361402053,0.0116393097558787,0.0119745945747929
12.497732,25.25,2.505,0.00685864595896265,0.0184546532483029,0.0128115470318288,0.0132409432625065,0.0108362031492599,0.0152152890601169,0.0127638189112465,0.0134280953893205,0.0127571891647467,0.0125441502691442,0.0134977317067901,0.0146276057173885,0.0138104583871538,0.01339613897318,0.0138014668917476,0.0140780728528272,0.0142458307327349,0.0146723938844458
12.497732,25.25,3.9454889,0.00757544131074409,0.0204058491611717,0.0142373787665699,0.0147253234010365,0.0120520675540061,0.0169100388277637,0.0141822602091654,0.0149393339775232,0.0142056069043102,0.0139300072370314,0.0149651624251557,0.0162417779215616,0.0152986848220405,0.0148254084639286,0.0153306162940968,0.0156348784738944,0.0157747315735938,0.0162551659566864
12.497732,39.539419,2.505,0.00685860110722071,0.0178392363281586,0.0147861070142818,0.0136063806563146,0.0123821860671548,0.0146543662563436,0.0142271896141979,0.0138174652347453,0.0132242616270561,0.0131843811901252,0.0138709013222914,0.0143938642653281,0.014242958614522,0.013994704196581,0.0137798704521384,0.0139622560259513,0.0143909379284059,0.0147998603650526
20.2863,6.0787324,2.505,0.0107019689059265,0.016743442429968,0.00398964203248196,0.0129176363440519,0.00923034199965325,0.0158682612173253,0.00697597756502286,0.00896452143058526,0.00950428215367196,0.0109840731523172,0.0130253939779235,0.0149339722891804,0.010676175479232,0.0106190138915251,0.0112182062830131,0.0125620795992363,0.0143722385357764,0.0162560835032045
20.2863,10.960581,1.0645111,0.00883843555541784,0.0150498704291729,0.00328015736321754,0.0104849981504813,0.00731122824453152,0.0131625627822708,0.00723575435447603,0.00907431039577926,0.008818583611278,0.00987505422009646,0.0116364292411003,0.0129480388046735,0.00997334921002,0.00978061192605924,0.0101108481771147,0.0109334938205762,0.0118099895609906,0.0123699212244772
20.2863,10.960581,2.505,0.0106393300209974,0.0181746612019783,0.0041459506854693,0.0127630663638865,0.00898477050847378,0.0159976287699608,0.00893890080971969,0.0111455678640063,0.0108289183292859,0.0120987331987865,0.0142314771464155,0.0158300843137734,0.0122823727896196,0.01203573174149,0.0124092119560241,0.0133753308427551,0.0144009911197876,0.0150350009295942
20.2863,10.960581,3.9454889,0.0117279372911062,0.0200833860875898,0.00465341406467716,0.0141837197648542,0.0100192472614089,0.0177689169819457,0.0099777255093089,0.0124007909216251,0.0120378911150273,0.0134264034524215,0.0157774312964771,0.0175414364543939,0.0136356963900301,0.0133590430531423,0.0137646531922692,0.0148197274109958,0.0159379176443624,0.0166238729885771
20.2863,25.25,0.57238131,0.00765363185700394,0.0139350633265389,0.00757437004410576,0.00989141100055293,0.0076310317699753,0.0113025203735735,0.00870043398472359,0.00931124827306434,0.00885059971280485,0.00938725370019161,0.0102923877148856,0.0106132639255951,0.00962789891498159,0.00936631424768396,0.00964175139387998,0.0100335893893442,0.0102702523528825,0.0104277194439442
20.2863,25.25,1.0645111,0.00882896890424801,0.0159681249598776,0.00882611288357936,0.0113287864331967,0.00878333172078403,0.0129389513372388,0.0100853492394488,0.0107248074668607,0.01012824189998,0.0107664214634844,0.0118404770979535,0.0122176161117266,0.0110315837968753,0.0107076037622344,0.0111105835326244,0.0115944083024186,0.0118385333607256,0.0120108579766934
20.2863,25.25,2.505,0.0106282622070581,0.019473276436297,0.0109617402240745,0.013826360357157,0.0107479606381432,0.0157825311795428,0.0124555041329352,0.0131597220965963,0.0123332986316944,0.0131468310961583,0.0144900138688968,0.0149265895464183,0.0134727994073389,0.0130102924942902,0.0136150553400145,0.0142503618335292,0.014487124496934,0.0147355532559118
20.2863,25.25,3.9454889,0.0117160448288578,0.0215794787517559,0.0122252235910962,0.0153584098320073,0.0119262327378332,0.0175266186296072,0.0138707248399814,0.014636011783441,0.0136845429844485,0.0146025751678911,0.0160786552614635,0.016513586626051,0.0149787451271564,0.0144179441555204,0.0151123758139481,0.0158241136759359,0.0160409846135111,0.0163574619577842
20.2863,25.25,4.4376187,0.0120074256038238,0.0221358476316582,0.012554937004371,0.0157672439206755,0.0122372227740656,0.0179927499246292,0.0142422276569286,0.0150274985280761,0.01404544678182,0.0149899899287306,0.0164988338854998,0.0169257277387798,0.0153823535872342,0.0147952014570692,0.0155065670108449,0.0162353566953459,0.0164459450885941,0.016781852578386
20.2863,39.539419,1.0645111,0.0088279536696398,0.0147463966400317,0.0113028281109828,0.0113717586932229,0.0101531506075884,0.012542905765617,0.0111461878095698,0.0113650998453426,0.0110582015103801,0.0110415906469825,0.0117072437360433,0.0124271300022533,0.011878649660844,0.0111268082182215,0.0112977266607835,0.0114139855016551,0.0120577524968872,0.0120281699516518
20.2863,39.539419,2.505,0.010628040599228,0.0179985119811146,0.0139587480688024,0.0138097738082151,0.012544531184269,0.0153265822470373,0.0137094630658507,0.0139401678592345,0.0136273578099888,0.0134932584624088,0.0142677288964612,0.0153004422900925,0.0146464378165133,0.0136148650987917,0.0138199278722193,0.0139087011419223,0.0148286463112233,0.0148027830179668
20.2863,39.539419,3.9454889,0.0117161435170088,0.020004728778261,0.0155230830726011,0.0153199690430473,0.0139762850880076,0.0170088908171024,0.0152160816444509,0.0154481709089821,0.0151716019842765,0.014999217418927,0.0158152881313255,0.0169978848147028,0.0162826254290708,0.0150970561111768,0.0153844551189561,0.0153959097593433,0.0164689830619795,0.0164644149613573
20.2863,44.421268,2.505,0.0106020002507762,0.0176233706690677,0.0139395510041895,0.0144746063162116,0.012417583410471,0.0150438549556538,0.0138067368462099,0.0137731187727026,0.0140414848932206,0.0135852677818019,0.0148203043935428,0.0144309422847513,0.0144455971872933,0.0136519182042407,0.014265836849909,0.0138146266156401,0.0146745121325944,0.0141508174341222
38.038476,3.9368763,2.505,0.0190489228180102,0.0232090832949836,0.0146063866892446,0.0192380768169723,0.0154460986615035,0.0203217499794972,0.0123996268113859,0.0114078794948295,0.0130339048746455,0.0158118470525742,0.017170365415837,0.0188833714949405,0.010536443285111,0.0116472905312704,0.0137821078816956,0.0151896509325751,0.0169364542176948,0.0185907899085275
38.038476,6.0787324,1.0645111,0.0155261377236346,0.0190520760785137,0.0094753638954337,0.01478275841405,0.0115363058826377,0.0164130715441286,0.0087187983608678,0.00858083139363859,0.0104014807928916,0.0126451900857152,0.0144356869818733,0.0149232104104507,0.00863910538037782,0.00975070772105467,0.0112244130603696,0.0129493819636171,0.0140731233434128,0.0144738050084046
38.038476,6.0787324,2.505,0.0185768623044776,0.0229554862138748,0.0113509811053179,0.0178443279421688,0.0139915358110136,0.0198230658613023,0.0106708569856119,0.0105947936242204,0.0127545730580935,0.0154644173712998,0.0175718797695794,0.018022074836283,0.0106583796571371,0.0119847295385127,0.013792941897016,0.015869651771409,0.0171782222659353,0.0175010096190078
38.038476,6.0787324,3.9454889,0.0203948726463776,0.0253032715402934,0.0125123677713351,0.0196667339441651,0.0154609202151589,0.0218771107562954,0.0118599671962071,0.0118327586297177,0.014168614972768,0.0171342512478492,0.0194380658738566,0.0198795136542308,0.0118914824389561,0.0133389321274671,0.0153253142530587,0.0175967235873682,0.0190377378270086,0.0193457372070818
38.038476,10.960581,0.57238131,0.0133829088235645,0.0164387224568963,0.00532925304832768,0.0122084975060424,0.00958869582914235,0.0133825532604724,0.00698263939275789,0.0080655279671195,0.00878793597901984,0.0100884815430173,0.0119189222288693,0.012233187349412,0.00867537946282677,0.00898604536775438,0.0097599036763319,0.0106397754723361,0.0110879275611049,0.0117536878077122
38.038476,10.960581,1.0645111,0.0154240973458853,0.0186899313723128,0.00611355746973144,0.0139248809671436,0.011070565696858,0.0153121212287568,0.00804284123549586,0.00932368954026758,0.0101383902634663,0.0114839966463862,0.0137304122890563,0.0139763217381367,0.0100842781713862,0.0104002462152957,0.0112212061522307,0.0122495427573559,0.0125873299847367,0.0134881850014929
38.038476,10.960581,2.505,0.0184854936206802,0.0225584366939966,0.00747783195381344,0.0169234084361596,0.0135903880135978,0.0186232885596968,0.00985889673481976,0.0114549570131135,0.012426192990775,0.0139044569215076,0.0168231689347314,0.0170306798752554,0.0124507934773399,0.0128246217832009,0.0137316474076109,0.0150028475754765,0.0152038862719755,0.0164581233901039
38.038476,10.960581,3.9454889,0.0203082651485434,0.0248562687686454,0.00831903800521742,0.0187640359958984,0.0150784308833112,0.0205942982433641,0.0109685924889902,0.0127403425712532,0.0137830907303975,0.0154058007230727,0.0186511606738134,0.018900241396607,0.0138418677012731,0.014284133274666,0.0152548431411872,0.0166453325094915,0.016832507843827,0.0182051894980989
38.038476,10.960581,4.4376187,0.0207960946574657,0.0254567225408669,0.00854470613635428,0.0192571753876682,0.0154673229034728,0.0211122051355664,0.0112653832994097,0.0130817897078503,0.0141371989879247,0.0158094669290641,0.0191261394635869,0.0193997203417236,0.0142052371169223,0.0146686729045809,0.0156597411077458,0.0170752889474578,0.0172700262139139,0.0186602948568292
38.038476,16.835469,2.505,0.018468586862694,0.0217954308171267,0.0059640054140578,0.0171683924523505,0.0125056949788153,0.0175484576499212,0.011195045202043,0.0127508443588824,0.0126649942818923,0.0145825263940548,0.0157354446326278,0.0163462354546224,0.0127854380685627,0.0129623165853154,0.0134037173780624,0.0146241141605857,0.0147574538124678,0.0155882877701356
38.038476,25.25,0.3564649,0.0117640921981677,0.0135049860940921,0.00494597706771036,0.0104565012703451,0.0080735557517687,0.010523918851392,0.00759476128307065,0.00837809200446129,0.00835906597687046,0.00933052123127193,0.00984284523566539,0.00996542396187843,0.00869742426852594,0.00878128500050856,0.00900433199031096,0.00918314701941844,0.00965174379354806,0.00990092220118097
38.038476,25.25,0.57238131,0.0133570082115291,0.0149309744542704,0.00551552143313175,0.0115739214897752,0.00895862832428048,0.0115618831039772,0.00840132315657274,0.00925625977755707,0.0092443166765753,0.0103665180310855,0.0108583589600062,0.0109910304949075,0.00962631532230224,0.00972634675311927,0.00999332589247579,0.0101217871194011,0.0106549949830534,0.0109829829004067
38.038476,25.25,1.0645111,0.0153940845857519,0.0171900568308516,0.00639067356718786,0.0133370345468346,0.0103388176215684,0.0131840964122551,0.00965490062265248,0.0106227541288277,0.0106192585702668,0.0119983907734534,0.0124542669120782,0.0125936788671979,0.0110803365428401,0.0111979289833455,0.0115464258031879,0.0115905781847275,0.0122220058723553,0.0126952841204412
38.038476,25.25,1.6567473,0.0169152988557281,0.0190854512401394,0.00712475371881952,0.0148207138029477,0.0114926911370169,0.0145499851594849,0.0107127970870855,0.0117762798827428,0.0117610779796557,0.0133635930583417,0.013808649962495,0.013937521392232,0.0123093870101251,0.0124320130565597,0.0128414031683852,0.0128248505934823,0.0135392903644441,0.0141329735770408
38.038476,25.25,2.505,0.0184514915439171,0.0210419359340419,0.00789686732454673,0.0163556311391289,0.0126892540192118,0.0159829348233586,0.0118242207116671,0.012993910351337,0.0129372641584039,0.0147739588231657,0.0152352856188581,0.0153420438034181,0.0135973140294611,0.0137167400415269,0.0141761863861116,0.0141138160868698,0.0149173580814915,0.0156181305567147
38.038476,25.25,3.3532527,0.0196057306749113,0.0224967830199859,0.0084852444199753,0.0175049265292728,0.0135827601565877,0.0170696054025423,0.0126699846254226,0.0139211885617998,0.0138121295220198,0.0158236730568267,0.0163200332776452,0.0164023393406777,0.0145719774743721,0.0146832176938439,0.015166647766988,0.0150831161505338,0.0159539615766661,0.0167210699609146
38.038476,25.25,3.9454889,0.020272165288132,0.0233183318177801,0.00882466817372746,0.0181581632016781,0.0140898430966526,0.0176929322089237,0.0131579359218698,0.0144553987537644,0.0143081115251461,0.0164189170036922,0.0169426774919085,0.0170098709982165,0.0151315131854784,0.0152370024115509,0.0157277113688853,0.0156370038678921,0.0165466957875581,0.0173451246259109
38.038476,25.25,4.4376187,0.0207591980392584,0.0239099360412445,0.00907316322698493,0.0186315968165492,0.0144576912717051,0.0181479527308301,0.0135149199892559,0.0148466364901687,0.0146677961240502,0.0168486388616239,0.0173979719091528,0.0174535857724775,0.0155379927182751,0.0156393354121612,0.0161330231970708,0.0160397932918586,0.016978752125105,0.0177959255360763
38.038476,25.25,4.6535351,0.0209565711777021,0.0241481321270547,0.00917406121903542,0.0188229544081815,0.014606209808354,0.0183320859154408,0.0136598611028482,0.0150051984128125,0.0148129751030741,0.0170213391907467,0.0175820744520668,0.0176334773408431,0.0157029021508247,0.0158026853360809,0.0162962792308957,0.0162029966985782,0.0171539928766591,0.0179777277689321
38.038476,33.664531,2.505,0.0184579562663276,0.0199326334307325,0.010259091427589,0.0156248702725606,0.0132762118534788,0.0160218908995561,0.0126403109728152,0.0140261571980332,0.013721824905477,0.0142777292398014,0.0148186588066384,0.0148971382175905,0.0143572195316902,0.0137914611347206,0.0139908281724355,0.0140857706633818,0.0148803333592852,0.0149119259918005
38.038476,39.539419,0.57238131,0.0133286601715504,0.0132695641191209,0.00796996149643336,0.0109610034318311,0.00918959693691787,0.0111728359616808,0.0091700492133426,0.00964417921237451,0.00949108513568408,0.0101315088409547,0.0105951852480344,0.0106166828388097,0.0101483918922347,0.0099405981449277,0.00981575263688184,0.0102671048040374,0.0104941453074893,0.0104220229939236
38.038476,39.539419,1.0645111,0.0153627676474427,0.0153468808750018,0.00918211202020753,0.0125972956023169,0.0105475196601902,0.0128998620243321,0.0105512553706721,0.0111420618514215,0.0108820969578363,0.0116093251444238,0.0122005675311105,0.0122449098524556,0.0117604750331935,0.0114991638856474,0.0112376383091081,0.0117638034498319,0.012095798623444,0.0120199438887716
38.038476,39.539419,2.505,0.0184159150807962,0.0188822347937927,0.0112736774210531,0.0153731380467468,0.0128962731601678,0.0158326178843168,0.0129360237113687,0.0137012037787922,0.0132791773039907,0.0141688728350635,0.014925866794687,0.0149969120081679,0.0144966307893944,0.0141704747335463,0.0136804641716023,0.0143517451029046,0.0148193002681652,0.0147176494007663
38.038476,39.539419,3.9454889,0.0202341823909094,0.0209703175717363,0.0125545805601587,0.0170117000900207,0.0143366088075845,0.0175629606291558,0.014384494296795,0.0152241397025718,0.0147341205784054,0.0157403507809819,0.0165415950045545,0.0166131455003679,0.016113009433588,0.0157644787195518,0.0151594059842112,0.0159347464855589,0.0164409058668413,0.0162955922774439
38.038476,39.539419,4.4376187,0.020719818079427,0.0215159865926585,0.0128972441830782,0.0174398016292522,0.0147224019888184,0.0180126430975845,0.0147681915216902,0.0156201227323745,0.0151187626521974,0.0161599921177365,0.0169653437068271,0.0170341485337222,0.0165353462816382,0.0161841533060969,0.015551606630421,0.0163567210991107,0.0168675256187298,0.0167062608221737
38.038476,44.421268,1.0645111,0.0153626231269228,0.014341603195156,0.00971906208034477,0.0126466551863844,0.0106953288441485,0.0123510784897158,0.0106414997502649,0.0110892253348219,0.0113467639817385,0.0114922772623478,0.0120465178320949,0.0122756983804435,0.0114413221534235,0.0115400443887293,0.0112882399323229,0.0118525493037985,0.0119741129211118,0.011791784530147
38.038476,44.421268,2.505,0.0184159524839886,0.0176027491149776,0.0119814165790053,0.0155180556628911,0.0131089919878805,0.015011331900085,0.0130108957896372,0.0135394633151238,0.0139175362524843,0.0140694401758313,0.0146894187510712,0.0151188254119271,0.014061652126007,0.0141465471290293,0.0137959305432313,0.0145010987088676,0.014728014392933,0.0143435827048866
38.038476,44.421268,3.9454889,0.020234244443796,0.0195800251900198,0.0133494801024571,0.0172486007650473,0.014546630977248,0.0165827302671658,0.0144370342281921,0.0150166763369791,0.0154502929154968,0.0156104978444847,0.0162810828759876,0.0168274873615446,0.0156550154700278,0.0156970741265976,0.0152947167064008,0.0161002952496242,0.0163656922349415,0.0158988477881607
38.038476,46.563124,2.505,0.0184143792857614,0.0167388768417189,0.011879564067716,0.0152687078292423,0.0126237596752537,0.0149661338243446,0.01345808120076,0.013649681109638,0.0135215658738207,0.0143959628292606,0.0145012119822714,0.015368234079046,0.0136986410783531,0.0144777677852855,0.0140812251649761,0.0147049854740621,0.0147458606401367,0.0146613128916185
41.537762,25.25,2.505,0.0202479726278136,0.0215762186903033,0.00790942239445888,0.0162344055271618,0.0130413371367865,0.0172968250980018,0.011960894926952,0.0138126915442954,0.0132814130818933,0.0144916146298557,0.0151816380289547,0.0161423085955052,0.0131480734014934,0.014304789482833,0.0140149982672058,0.0146938585700857,0.0146719655656834,0.0156816084107676
59.401706,10.960581,2.505,0.0260407770857424,0.0249981036858158,0.0158743637235149,0.019711599311195,0.01773259797946,0.0192670903412833,0.0144889883015493,0.0137322277866808,0.0150764306597868,0.0168064162621984,0.0180240371150332,0.0177648049723493,0.0137423165156016,0.0149484725714719,0.0159529254542438,0.0165188047576409,0.0165048861360216,0.0161924209586666
59.401706,25.25,1.0645111,0.0216578144144453,0.0161418137466582,0.00809216224763485,0.0143983866672525,0.0123144672804125,0.0138002859948498,0.0103780700444007,0.0110888744224394,0.0114625140046005,0.0130238659835765,0.0127567674184839,0.0126203027938061,0.0113138768380513,0.0118943575024289,0.0117812818681361,0.0123173957546984,0.0122387404339297,0.01275216739206
59.401706,25.25,2.505,0.0259884206705376,0.0195752348858813,0.00999030349710042,0.0175568444751805,0.0150216541845309,0.0169406988412959,0.0127044697927116,0.01358558057494,0.0139269759241691,0.016011987540473,0.0155726752441801,0.0154002753821351,0.0138168065773733,0.0146499636250468,0.0144191739783331,0.0150525140160248,0.0148680956465679,0.0157048639350428
59.401706,25.25,3.9454889,0.0285086210597544,0.0216988546747523,0.0111207799539741,0.0194360511846364,0.0167061106071801,0.0187934715764527,0.0140898381247808,0.015119857799623,0.0154011888651338,0.0177763915575255,0.0172506881123044,0.0171297287747007,0.0153468408667418,0.016275731853791,0.0159926998843254,0.0167386796846548,0.0164283472704615,0.0174473811610311
59.401706,39.539419,2.505,0.025942898399343,0.0168427830381344,0.0106650977359764,0.0165563532748541,0.01457468580606,0.0154715565901122,0.0132437951901168,0.0136451568873434,0.0138545162903328,0.0145723727875767,0.0148838712905061,0.0147416837571518,0.0143146424234825,0.0142792002303696,0.0147512072076488,0.0145269227612541,0.0147503525364063,0.0141836230301067
90,2.8220488,2.505,0.0288450585017119,0.0288162097230135,0.0288483127128842,0.0267137551371481,0.0262461889029511,0.0255525905664923,0.0261830808057514,0.0225266295142952,0.0219376047016658,0.0222711702982968,0.0221444840601022,0.0210217245634006,0.0215074146320753,0.0209224593468234,0.0203206927761085,0.0205845390635783,0.0200380637039709,0.0201111993814173
90,3.9368763,1.0645111,0.023764763102232,0.0225591165847902,0.023990752471495,0.0204712249646636,0.0212836692432363,0.0195896354683632,0.0207928250327421,0.0172365415068198,0.0179157831586605,0.0177790503454265,0.0171114935653628,0.0163091744195735,0.0161915663433558,0.0167306308085529,0.016588296015454,0.0160772658914765,0.0157969492956566,0.0157688840806652
90,3.9368763,2.505,0.0282292194023639,0.0267357044455074,0.0284490022575764,0.0246795602255819,0.0256538992043581,0.0236340738325107,0.0250948967711595,0.020704478794417,0.021586697899358,0.0214879943298906,0.0206102212378047,0.0196237414291008,0.0196125891052948,0.0205364702155301,0.020492844975558,0.0198476820652183,0.0193880713216047,0.0193332525378554
90,3.9368763,3.9454889,0.0309805512061912,0.0293423966934021,0.0312470473846398,0.0271855888653717,0.0282727413804118,0.0260200304232726,0.0276679400574595,0.0228508496194897,0.0238924543157069,0.023816894168652,0.0227896276852222,0.0216743942028718,0.0216541279788744,0.0227905901789521,0.0227863984611271,0.0220479466218108,0.0214860594739166,0.0214541991627929
90,6.0787324,0.57238131,0.0203408543649194,0.0188509411025948,0.0198180844781992,0.0161773232323488,0.0164545435349426,0.0149397665648905,0.0156048332392273,0.0138371490420145,0.0144751948127628,0.0145264187654255,0.0140964386004598,0.0132691413857021,0.0124913159862731,0.0128817629456432,0.0130421080217574,0.0129337089892666,0.0125859414967038,0.0120709414266979
90,6.0787324,1.0645111,0.0232692331593231,0.0213401670131691,0.0223401109700979,0.0182846365020656,0.0185662455255251,0.0169240886165531,0.0176072432024831,0.0157605773057269,0.0165010933334158,0.0165993722997413,0.0161365921115402,0.0152039250662243,0.0143023297612285,0.0147959516994887,0.0150223087068813,0.0149248237720039,0.0145182445969063,0.0139021546274065
90,6.0787324,2.505,0.0277985603333015,0.0256841363783024,0.026812217169494,0.0220184490535987,0.0223234599002315,0.0204355930521597,0.0211696104911181,0.0191500582099659,0.0200614682567027,0.020230274924494,0.0197108553268895,0.0186011402374888,0.0174302414251399,0.018079933066168,0.0184106151402859,0.0183254113857381,0.0178284379037547,0.0170590932477429
90,6.0787324,3.9454889,0.0305672921158601,0.0283661095972312,0.0296072238506025,0.0243311731439959,0.0246548007730151,0.0225992798705676,0.0233776386409276,0.021243634592507,0.0222560633133891,0.0224655160819824,0.0218996088349261,0.0206719974056654,0.0193005445879212,0.0200381422172022,0.0204245653421578,0.0203429303652573,0.0198002439481204,0.0189404205754637
90,6.0787324,4.4376187,0.031313405290962,0.0290831923841918,0.0303593193267112,0.024950856453728,0.0252784522418601,0.0231750305018298,0.0239699225740107,0.0218042222853173,0.0228430543121998,0.0230624824745387,0.02248266300338,0.0212215531398524,0.0197933563249051,0.0205519759349621,0.0209507664702088,0.0208715973880544,0.0203168447765803,0.0194333472879761
90,10.960581,0.3564649,0.0178848938716769,0.0148746522212246,0.0158563875332367,0.0133130135217735,0.0135619677733198,0.011764980888467,0.0122506761674023,0.010970414740989,0.0117560410181322,0.0119938970801037,0.0115078370896481,0.0106381233725268,0.0100841860240076,0.0105274970154665,0.0107894646139416,0.010711056488116,0.0103254823307452,0.00981730852031876
90,10.960581,0.57238131,0.0201773653660255,0.0162961019288108,0.0173225435993026,0.0146834033005848,0.0149360169031463,0.0129917892922091,0.013493780739243,0.012099861182624,0.0129641020359265,0.0132309717059317,0.0127050921391005,0.0117562876132465,0.011136152156878,0.0116270318214057,0.0119220261626771,0.0118426499156766,0.0114204959953501,0.0108614324725147
90,10.960581,1.0645111,0.0231036112525011,0.0185762581783493,0.0196680961095895,0.0168686929674368,0.0171170445068437,0.0149558644033921,0.0154686285934433,0.0138747148359908,0.0148612464635796,0.0151701569965878,0.0145845895669482,0.0135132872783231,0.0127880721101627,0.0133513897474781,0.0137000008287666,0.0136199705037395,0.0131425145677369,0.0125046955203716
90,10.960581,1.6567473,0.0253299539286106,0.0205243234405722,0.0216895336796023,0.0187136780133929,0.0189532732472341,0.0166167479129248,0.0171290330212204,0.0153670244128296,0.0164553726836805,0.0167973016758797,0.0161597687143329,0.0149865330932021,0.0141830795884987,0.0148077456380699,0.0151982023743085,0.0151163615730151,0.0145922465683919,0.0138878840757351
90,10.960581,2.505,0.0276278598016749,0.0225784195678087,0.0238419443308959,0.0206243287612802,0.0208543912045668,0.0183372122157034,0.0188439893807053,0.0169268270003127,0.0181202291051378,0.0184955192221382,0.0177997249779003,0.0165150755726223,0.015637228879542,0.0163251129455768,0.0167572792512522,0.0166728761545381,0.0160994684759588,0.0153265994752742
90,10.960581,3.3532527,0.0293887279566753,0.0241334989356241,0.025485749960287,0.0220492267972756,0.0222714598739485,0.0196170609256541,0.0201216199149119,0.0181012996526685,0.0193741606315563,0.0197716737905867,0.0190302882442776,0.0176643643272391,0.0167282547162871,0.0174640966169445,0.0179257750872083,0.0178381396757526,0.0172292554011145,0.016404764592907
90,10.960581,3.9454889,0.0303922430771946,0.0250279221287375,0.0264243111550569,0.0228549666301864,0.0230715928901223,0.020342001719276,0.0208446424972352,0.0187706424595115,0.0200882467525579,0.020500941824706,0.0197321365753515,0.0183184374979705,0.0173498511271243,0.0181124092166973,0.018592634432471,0.0185033053066372,0.0178743099412211,0.0170201964695544
90,10.960581,4.4376187,0.0311370722864177,0.0256779751018751,0.0271160856598964,0.0234360104535,0.0236477649913862,0.020858361850896,0.0213670014063938,0.0192566252579382,0.0206084129948938,0.021032863193928,0.0202423142297874,0.0187950670194176,0.0178019926526451,0.0185831411910206,0.0190752940551391,0.0189852508772261,0.0183416296111014,0.0174661964861848
90,10.960581,4.6535351,0.0314397851742397,0.0259413648159838,0.0273968295315138,0.0236696742024246,0.0238798936455489,0.0210680395645869,0.021577083943676,0.0194522834876858,0.0208192792891163,0.021248152982021,0.0204487923198987,0.0189877505442038,0.0179848887072348,0.0187729073618646,0.0192702506451147,0.0191800015753894,0.0185304392608544,0.0176462740018443
90,11.922885,2.505,0.0276237017372733,0.0222468210730116,0.0231498862460274,0.0197687226453951,0.0204194392661533,0.0171594909158438,0.0184360930394039,0.0166236881509949,0.0179780606198183,0.0185420048258771,0.0178999086494461,0.0166445250719634,0.016368126024508,0.01697817035095,0.0171869544382634,0.0168772108577724,0.0162537673386669,0.0154864746023411
90,16.835469,1.0645111,0.0230963404056063,0.0155495428245565,0.0169363523051119,0.015291961309782,0.0154101858413886,0.0131937015894523,0.0133622168264414,0.0131784754589733,0.0140816098590348,0.014422138543207,0.0136912657103671,0.012637276509421,0.0121664584217053,0.0126391939107854,0.0129951723534605,0.0129990444684146,0.0126688336968358,0.0122485193757649
90,16.835469,2.505,0.0276210869895335,0.0189660217480063,0.020595500785967,0.018682906914479,0.0187222438457215,0.016187654651863,0.0162256463585452,0.0162092454496957,0.0173122759165307,0.0177369739002623,0.0168446000663009,0.0155464793107954,0.0148221886609709,0.0153998382011065,0.0158508496394977,0.015893497873767,0.0155214036594128,0.0150279482281148
90,16.835469,3.9454889,0.0303860964734062,0.0210521723100862,0.0228438415817121,0.0207249172315681,0.0207296489062437,0.0179905547301566,0.0179501078613217,0.018004594481895,0.0192269379090232,0.0196977102830027,0.0187079783784155,0.0172620407544749,0.0163841305271138,0.0170232627244259,0.0175360038332023,0.0176039271836342,0.0172105955831619,0.0166762867131282
90,25.25,0.24408128,0.0159440368219842,0.009156261836069,0.00994356523577179,0.0104491161802106,0.0105367022352547,0.00877886029753694,0.00917109989112758,0.0088413645555111,0.00921848049761941,0.0095883131313467,0.00912649071552622,0.00866683115139727,0.0085444402019907,0.00895764111124242,0.00893588148525571,0.00910177717329114,0.00867225909963022,0.00862068632093535
90,25.25,0.3564649,0.0178559477948647,0.00985307494540954,0.0106879303987107,0.0112469046735739,0.011313673909989,0.00944706252660125,0.00988236471821788,0.00954143760181272,0.00993265223784567,0.0103411866132568,0.00984375116806348,0.00935754235157689,0.00922426116013856,0.00968948745271006,0.00964266808756396,0.00984587452014853,0.00936326234735682,0.00933222920417443
90,25.25,0.57238131,0.0201416145829995,0.0108484529710882,0.0117395323999755,0.0123829650559619,0.0124112670570957,0.0103948236946826,0.0108897676051341,0.0105393743872347,0.0109495770027716,0.0114167535384047,0.0108692920193968,0.010344854750496,0.0101967562425217,0.0107406890547411,0.0106549160307674,0.010915917572262,0.010353879894751,0.010354972916492
90,25.25,1.0645111,0.0230641857687788,0.0124050856131701,0.0133728672062119,0.0141722771755456,0.0141203997694134,0.0118748625222857,0.0124661964846365,0.0121065528637471,0.012544349613092,0.013109690369862,0.0124842041506284,0.0118984420520393,0.0117217836600088,0.0123989961809391,0.0122440082613081,0.012605834751496,0.0119107998593526,0.0119693582041182
90,25.25,1.1615191,0.0234874278394847,0.0126496297123101,0.0136291733615944,0.0144557633862367,0.0143893476682292,0.0121079652503848,0.0127155873620206,0.0123538649514975,0.0127953899752233,0.0133770065099128,0.0127388727715932,0.0121435743379374,0.0119612158989341,0.012660223848599,0.0124936288445763,0.0128723089169584,0.0121553373147694,0.0122237999719963
90,25.25,1.6567473,0.0252892629048189,0.0137128013179144,0.0147457028397295,0.0156939085903724,0.0155648147532269,0.0131250478431661,0.0138034914554599,0.0134333182328235,0.0138887495500643,0.0145436950153707,0.0138473990935889,0.0132128109494289,0.0130005025900271,0.0137973167238599,0.0135765108420468,0.0140308150433517,0.0132159652575653,0.0133301353322888
90,25.25,2.505,0.0275861272075178,0.0150811177359776,0.0161852206709884,0.0173028684697435,0.0170937533612207,0.0144434254654808,0.0152136559665333,0.014828340285346,0.0152979139514176,0.0160527427757365,0.0152713646767676,0.014593792094372,0.0143281226294479,0.0152556685117751,0.0149587885247022,0.0155186379554541,0.0145691691562009,0.0147496715326219
90,25.25,3.3532527,0.0293460304936243,0.0161136530918369,0.0172777471085135,0.0185296541363216,0.0182716503098601,0.0154480443072774,0.0162866823615662,0.0158871284139586,0.0163601139289168,0.017198739836111,0.0163478670346139,0.0156398327417593,0.0153230125079565,0.016350811886191,0.0159941525162974,0.0166345391846101,0.0155819342936387,0.0158166960227784
90,25.25,3.8484809,0.0301928564041792,0.0166129019985549,0.0178112890643587,0.019126544966117,0.0188478703153297,0.0159376759343301,0.0168096432646697,0.0164031198121525,0.0168737122594341,0.0177547547744708,0.0168669325097609,0.0161482972571807,0.0158028228824206,0.0168804295708209,0.0164914725019145,0.0171745306904843,0.0160675782073461,0.0163319832902612
90,25.25,3.9454889,0.0303490065367476,0.0167037258940647,0.0179084893750525,0.0192351784332732,0.0189529725429534,0.0160268898399028,0.0169050761396556,0.0164969379212677,0.016966363882954,0.0178561211842106,0.0169611808641273,0.01624081722132,0.0158900583311993,0.0169765094259982,0.0165818244910122,0.0172727042871589,0.0161556599715178,0.0164257886269334
90,25.25,4.4376187,0.0310934044904168,0.0171343602477112,0.0183703174117194,0.0197501501556294,0.0194518624283512,0.0164505971878477,0.0173587290178597,0.0169451492552935,0.0174052075767487,0.0183380494953057,0.0174057605421944,0.0166791809667658,0.016302158083927,0.0174309605650937,0.0170081645327201,0.0177363752328398,0.016571795455332,0.0168694451307918
90,25.25,4.6535351,0.0313959045601979,0.0173090821709776,0.0185581003758575,0.0199601623008753,0.0196542813776679,0.0166226650112634,0.0175425944798662,0.0171264480971797,0.0175834991538949,0.0185330280471398,0.0175860843074816,0.0168568783622252,0.0164683027637325,0.0176138601947417,0.0171807643094916,0.0179228089170981,0.0167396167026834,0.0170476261477331
90,25.25,4.7659187,0.0315485018718835,0.0173968718287662,0.0186526638200926,0.020065420012246,0.0197560073682719,0.0167092362800502,0.0176349901005652,0.0172176333910002,0.0176730587562361,0.018631177238951,0.0176766891711137,0.0169461974423893,0.0165516420526438,0.0177054340155403,0.0172672301862229,0.0180163564394762,0.0168238241926992,0.017137382840781
90,33.664531,1.0645111,0.0230740707071185,0.0113206220713676,0.0118709879349648,0.013525599017629,0.0137397959684109,0.0118828010689762,0.0120826826054976,0.0119758034862702,0.012482039957925,0.0127852139972453,0.0123791553368496,0.0118856107713632,0.0119057718162774,0.0121278585046304,0.0123238763906501,0.0122973740091932,0.0120761067047667,0.0118652605443273
90,33.664531,2.505,0.0276001776830392,0.0138638260181974,0.014489441873455,0.0164966037780505,0.0167478209233524,0.0145229891405405,0.0147506899255896,0.0146255987329318,0.0152386017912005,0.0156031859477576,0.0151189994607283,0.0145269321103146,0.0145497416744942,0.0148200807121737,0.0150583385809687,0.0150287848206543,0.0147652087378437,0.0145134675271704
90,33.664531,3.9454889,0.030365631530344,0.0154208219047965,0.0161061323873229,0.0183193244758692,0.0185920262713211,0.0161387954653327,0.0163870291597074,0.0162425001468294,0.0169200801920263,0.0173238366907501,0.0167906858771417,0.0161372620772727,0.0161518295300849,0.0164527963406241,0.0167168671408206,0.0166841703868655,0.0163933401095822,0.0161158993664742
90,38.577115,2.505,0.0275978783191926,0.0130614483550716,0.0139167175948091,0.0161580192822025,0.0165813950178524,0.014171828760607,0.0148501558215063,0.0147522847399459,0.0152500703692412,0.0155358200404493,0.0149360786465963,0.014255288444271,0.0144454194310004,0.0146414851319639,0.0148246311512499,0.0147214843651439,0.0143403965421174,0.0139886978854719
90,39.539419,0.3564649,0.017858971045899,0.00844139833588177,0.00893026083347527,0.0103977339215393,0.0105946386902346,0.00921492733085164,0.00943010847999839,0.00953116732330338,0.00985887094694066,0.010052955919213,0.00970945335169486,0.00933657491491995,0.00935959346496848,0.00948674833499139,0.00958468133278068,0.00950743151222447,0.00928791841863565,0.00910373874821232
90,39.539419,0.57238131,0.0201471632036191,0.00932584096404086,0.00985599157190802,0.0115004310768067,0.0117133348507528,0.0102043597086655,0.0104439894761933,0.0105896528547767,0.010948036436231,0.0111607435217338,0.0107804099105157,0.010367198294104,0.0103914728277634,0.0105290221304561,0.0106346034719539,0.0105476546183394,0.0103025333991342,0.0100938055078178
90,39.539419,1.0645111,0.0230728051832382,0.0107086262428596,0.0112949363634841,0.0132315476488858,0.013468884622061,0.0117538598491719,0.0120310235611724,0.0122581242305106,0.0126659639488318,0.0129094943591475,0.0124698533466902,0.0119897964864458,0.01202030763673,0.0121747663271801,0.0122932659845909,0.0121912144134431,0.0119051421832331,0.0116542040010021
90,39.539419,1.6567473,0.0253001171446472,0.0118767349200599,0.0125110494382671,0.0146782682354384,0.0149393426624324,0.0130462516144503,0.0133589983611702,0.013656169046073,0.0141066125952231,0.0143758340808881,0.0138844112175253,0.0133464054909922,0.0133895173727268,0.0135592393737535,0.0136897484834099,0.0135752549699092,0.0132545770124654,0.0129656474559937
90,39.539419,2.505,0.0275990776041693,0.0131066728285394,0.0137942905649825,0.0161750380892959,0.016467742380161,0.0143808169419724,0.0147373619391466,0.0150991163852875,0.0155940825481306,0.015889867769706,0.0153452798036035,0.0147436905719134,0.0148135946407754,0.0149993570643154,0.015141047185615,0.0150134919458285,0.0146573845377805,0.0143273585839277
90,39.539419,3.3532527,0.0293603054386026,0.0140405063900307,0.014771407170803,0.0172939099562319,0.0176122566024182,0.015376737181895,0.0157685489046912,0.0161705973832535,0.0166983509982339,0.0170131015482874,0.0164292563661544,0.0157795291137504,0.0158793884656332,0.0160771371977547,0.016227531870819,0.0160898915247155,0.0157058514483677,0.0153439872531304
90,39.539419,3.9454889,0.0303639968529878,0.0145794107617624,0.0153328541130371,0.0179313299187296,0.0182641168044649,0.0159448068816509,0.016354181533132,0.0167765741486919,0.0173234995321899,0.0176482983696411,0.0170421258754995,0.0163648990219753,0.0164849575146887,0.0166903612071926,0.0168470823388716,0.0167025229595875,0.0163023218909895,0.015921883978413
90,39.539419,4.4376187,0.0311088290612898,0.014973147196037,0.015744737349067,0.0183938478002589,0.0187368301296789,0.0163560554074563,0.0167804068764396,0.0172149781280435,0.0177752207668162,0.0181076145730227,0.0174846388340758,0.0167882823733931,0.0169240766165058,0.0171355302408279,0.0172964138144855,0.0171473519863436,0.016735549981814,0.0163410198142419
90,39.539419,4.6535351,0.0314115258815718,0.0151328849888325,0.0159118989373129,0.0185806505260329,0.0189278342660806,0.0165222780992612,0.0169526201518889,0.0173914962635455,0.0179571965889909,0.0182928971943312,0.0176632309006884,0.0169589512211305,0.0171015167096412,0.0173135841906166,0.0174759355875511,0.0173268963765867,0.0169105735539472,0.0165103245119967
90,44.421268,0.57238131,0.0201049186887649,0.00915481443653782,0.00958239323770025,0.0111882488313232,0.0113644282276814,0.0100678505055756,0.0102484692249456,0.0102510655924895,0.0105418991424687,0.0107347980729233,0.0104287773232045,0.0101032888909127,0.0102626971450738,0.0103743051940197,0.0104658947092865,0.0104001537258086,0.0102016533224068,0.0100300645287881
90,44.421268,1.0645111,0.0230249959878264,0.0105129940879935,0.0109866931252969,0.0128105619206375,0.013001795108107,0.0115378605946521,0.0117438230951395,0.0117906002135226,0.0121186704396148,0.0123390443786533,0.0119906737187571,0.0116108946683116,0.0118554831322662,0.0119803748414004,0.0120825407936318,0.0120051132889654,0.0117738232155229,0.0115651734592136
90,44.421268,2.505,0.0275432945725002,0.0128676807112976,0.0134253904318737,0.0156536339508228,0.0158697219938265,0.0141068960458054,0.0143564421436792,0.0144632217048985,0.014856553589276,0.0151243326880462,0.014697997339364,0.0142164359225499,0.0145974323328341,0.0147457725315274,0.0148671581999597,0.0147697723219798,0.0144812252203898,0.014206263168301
90,44.421268,3.9454889,0.0303030197775871,0.0143135513851433,0.0149259511655121,0.0174120156843575,0.0176512179921381,0.0156943973298886,0.0159761583271509,0.0160981535028514,0.0165321380240921,0.0168273817643542,0.0163515957436819,0.0158067804607802,0.0162490564244543,0.0164115932996514,0.0165436565908109,0.0164322586776154,0.0161070131458283,0.0157927994435187
90,44.421268,4.4376187,0.0310469759023446,0.0147018747311328,0.0153290958617975,0.0178850513570335,0.0181308239807311,0.0161208439348835,0.0164122727546773,0.016534754935942,0.0169806244783235,0.0172829417316036,0.0167930383783716,0.0162313472626776,0.0166876917542612,0.0168533945524574,0.0169878578718581,0.01687168591882,0.0165371590780292,0.0162114687074929
90,46.563124,1.0645111,0.0230228649212404,0.010582083546556,0.010735308156573,0.0127325172686882,0.0132092479180349,0.0115651835049438,0.0120205133712519,0.0116596240607208,0.0119916971582836,0.0125403675559826,0.01233903243429,0.0120112369303203,0.0117013366901104,0.0118481024349003,0.0118949836535443,0.0116585052461468,0.0116014470899244,0.0116282267065438
90,46.563124,2.505,0.0275411458645054,0.012959891095523,0.013077009074152,0.0155488686336087,0.0162039869511391,0.0141438764975582,0.0147697229405686,0.0142735892009782,0.0146956575657036,0.0154423638509889,0.0152172097704175,0.0148190454989642,0.0143235418647868,0.0145018081525695,0.0145453996695728,0.0141861504853272,0.0141140846491276,0.0142267264252281
90,46.563124,3.9454889,0.0303012881259772,0.0144131747470203,0.0145204393797028,0.0171960036755156,0.0179680311075487,0.0156529579744264,0.016395555346253,0.0158149878480625,0.0163015747135459,0.0171731322026794,0.0169349517434711,0.016492280869334,0.0159435728293506,0.0161327927486394,0.016168909720502,0.0157305711075683,0.0156609054488584,0.0158305971021896
90,47.677951,2.505,0.0275414144045428,0.0124165644933103,0.0131904372458032,0.0161763724313381,0.0157616237120888,0.0144575065954479,0.0148054898245261,0.0140852055986957,0.0149861486340667,0.0151390501911351,0.0144407980663077,0.0145752826225621,0.0140689608654894,0.01449219482311,0.014213293310388,0.0145830317532331,0.0143627708762049,0.0138718035790076
120.59829,10.960581,2.505,0.0236412587352062,0.0146990119072982,0.0240277678998676,0.0167637928258146,0.019719249077647,0.0131724990920991,0.0198304917895827,0.0172901420923989,0.0172297313103422,0.0166136412542227,0.0152010528656891,0.0137176603655486,0.0167138467095514,0.0167361979587963,0.0160941910256117,0.0149640767180005,0.0141663985355744,0.0136334394197349
120.59829,25.25,1.0645111,0.0194927811095045,0.00790283452034855,0.0168697923559001,0.0118190217334206,0.0139509761967578,0.0103414000623514,0.0141085608414245,0.0126293036567486,0.0129616547719136,0.0125663187873677,0.0114899007451426,0.0107725337275775,0.0124883617622715,0.0124993894835861,0.0119860661137887,0.0120589826946987,0.0114136366021363,0.0113087031573448
120.59829,25.25,2.505,0.0236018654404835,0.0098399063555689,0.0205158449403176,0.0144674237591989,0.0169613372039311,0.0127624937094355,0.0173515346536545,0.0153945656967432,0.0159283546862413,0.0154334053105996,0.0140720465698229,0.0131348844035617,0.0153089534704647,0.0152880922169257,0.0145638365546797,0.0148800312502887,0.0139786563208471,0.0138426622648127
120.59829,25.25,3.9454889,0.0259955659805607,0.0109818323278034,0.0227784528156078,0.0161015257865105,0.0187405353840116,0.0142086203939216,0.0192674684620048,0.0171185457031037,0.0177040045939108,0.0171169787681473,0.0156216055941749,0.0145848915117209,0.0169685099882475,0.0169612413788473,0.0161522863159114,0.0165689263609353,0.0154761851646515,0.0153860669689059
120.59829,39.539419,2.505,0.0235587534163939,0.010251747843217,0.0170835857992702,0.0142289322732925,0.0161817813212582,0.0133471089065599,0.0153490503781431,0.0149495662080914,0.0154660680448806,0.0148429774053956,0.0143308502423142,0.0138716137699167,0.0145546777046069,0.0149592131589962,0.0143120979285166,0.014181411163782,0.0137613036634707,0.0137237865884728
138.46224,25.25,2.505,0.0176171690318909,0.00820596111028307,0.0212989303008989,0.0130965928339678,0.0152606271119953,0.0119573113535385,0.016892100276958,0.0156507893413093,0.0146210132266355,0.0148539506070638,0.0130978480616619,0.0132274241250829,0.0150964367521484,0.0143846224743644,0.0151666227342721,0.0137924416363692,0.0136824428917409,0.0135016754356179
141.96152,3.9368763,2.505,0.0179769036066824,0.0127834860221161,0.0208302008490337,0.0149766434981621,0.0175044403184455,0.0111476788582807,0.0200114549080522,0.017651585539428,0.0170691576696417,0.0143572576671419,0.012839712699676,0.0102895191336395,0.0181022979428533,0.0158096322642954,0.014903037122648,0.0125645290633963,0.0115294005861186,0.00961855000447304
141.96152,6.0787324,1.0645111,0.0146005050802082,0.00878046430401548,0.0183877010290898,0.0103541126231633,0.013649746569681,0.00764653500140112,0.0160486300392523,0.0145770593928309,0.0136176482898464,0.0114598770599625,0.00945767447087484,0.00816446430700744,0.0138302849474529,0.0130781015862261,0.0121603329064038,0.0107709939975026,0.00953756146265739,0.00854667041754034
141.96152,6.0787324,2.505,0.01764512492139,0.0105768320118213,0.0224307920202632,0.0125256022303391,0.0165846125480862,0.00935836138904925,0.0196335235195036,0.0177639197925881,0.0165953631722249,0.01398158904832,0.0116029154884343,0.0101276284248249,0.0166795696628386,0.0159433096960898,0.0149455825707812,0.0132703449826159,0.0117888086364576,0.0106532312940721
141.96152,6.0787324,3.9454889,0.0193690534912285,0.01165272772029,0.0248123461056186,0.0138254347851474,0.0183182787205929,0.0104074043569984,0.0217610625825375,0.0196769822377314,0.0183652590894949,0.0154785867680412,0.0128922325599491,0.0113248044075814,0.0184185535675171,0.0176555396739858,0.0165949397951592,0.0147473091007292,0.0131419921208788,0.011931925839052
141.96152,10.960581,0.57238131,0.0123898970734025,0.00511870870329703,0.0155565027366129,0.00868334443481269,0.0113038087090973,0.00655040211811038,0.0130831280827022,0.0117412666985573,0.0112109126771497,0.00961534607667341,0.00867285704571048,0.00795028692739698,0.0115036263867406,0.0110219722941629,0.0105449129731446,0.0094055180518308,0.00855788263727456,0.00843606523559536
141.96152,10.960581,1.0645111,0.0144888069144279,0.00593510086281231,0.0178344198364222,0.0100359630479647,0.0129618691595199,0.00754812239822931,0.0150241460108842,0.0133990240597762,0.0128950717038216,0.0109979012550991,0.0100995292392113,0.00921308990679542,0.0132023022887528,0.0125847256012571,0.0122143572100873,0.0108212007324088,0.00988858382704316,0.00978575847852814
141.96152,10.960581,2.505,0.0175323104395316,0.0073539561564337,0.0218012207328859,0.0123602262814997,0.0158793922079714,0.00925477760747374,0.0183443105491066,0.0162928934620768,0.015756806801642,0.0134006311024191,0.0125270027383115,0.0113521284815934,0.0161120463514856,0.0153300996802845,0.0150743348028153,0.0132446599250191,0.0121565820996402,0.0120405810957402
141.96152,10.960581,3.9454889,0.0192563528991412,0.0082101212006456,0.0241525821796284,0.0137449883893455,0.0176585591783221,0.0102991426456634,0.0203123140665181,0.0180584519370215,0.0174414202370077,0.0148780268277781,0.0139667750041752,0.0126359065142698,0.0178254741846135,0.0170252266641884,0.0167671961536719,0.0147142886538925,0.0135131943519801,0.0133564708789615
141.96152,10.960581,4.4376187,0.0197050278834619,0.00843637179037249,0.0247649240633263,0.0141068850515941,0.0181284290612058,0.0105774239664532,0.0208307231212188,0.0185269552424388,0.0178809768414936,0.0152721050275604,0.0143438377936652,0.012975871132552,0.0182702615986958,0.0174790630560595,0.0172101597882814,0.0151045304374092,0.0138689264024486,0.0136981719810133
141.96152,16.835469,2.505,0.0175182532223566,0.00594000825641398,0.0220781838973533,0.0117742793230526,0.0162011843744072,0.0108613129675188,0.0171021541901167,0.0155586100045085,0.0149780857621373,0.0136217004522168,0.0121196950973728,0.0123086593213574,0.0161215028853586,0.0149692459935526,0.0150452158680349,0.0135504536927379,0.0134637270994619,0.0130942832895094
141.96152,25.25,0.3564649,0.0107528822618193,0.00513476357812725,0.013193211687989,0.00762764870426538,0.0101682214413723,0.00750585423898211,0.0105703667482293,0.00994956542327172,0.00958315252939988,0.00894529028953995,0.00836005437679061,0.00840483245111135,0.00973633563592948,0.00938670277376003,0.00918530750278781,0.00906408891445027,0.00867604848230154,0.00855463770736432
141.96152,25.25,0.57238131,0.0123716290727842,0.00572027927583699,0.0145838949916379,0.00845975633110557,0.0112924234857791,0.00828881346555427,0.0116547580442274,0.0109870296750791,0.0105643440092688,0.00992461640912526,0.00927403187233542,0.00929672518131403,0.0107904113094737,0.0103382677805719,0.0101580343258432,0.0100856007132915,0.0096012510365555,0.00944111151586687
141.96152,25.25,1.0645111,0.0144639272278029,0.00661857741183237,0.0167920776381764,0.00975945085804531,0.0130804504225711,0.0095021714899445,0.0133653514459461,0.0126110309481335,0.0121072613911787,0.0114671957990409,0.0107003060371354,0.0106902960989605,0.0124565723432147,0.0118206338232193,0.0116927805657543,0.0116978593923386,0.011040802084884,0.010821058642553
141.96152,25.25,1.6567473,0.0159972713270859,0.00737288786768815,0.0186449727448716,0.0108413090691169,0.0145848155643585,0.0105226588912915,0.0148191341119492,0.0139772212847284,0.0134124255216297,0.0127555761946157,0.0118925941129219,0.0118703435862972,0.013853051423506,0.0130586194205887,0.0129908212986141,0.0130490737015733,0.0122427148645446,0.0119796215202246
141.96152,25.25,2.505,0.0175005787064386,0.00816786236812628,0.020559012052205,0.0119553038051747,0.0161416841936767,0.0115958461106141,0.0163493286509505,0.0154052781944543,0.0147840971571381,0.0140804035054451,0.0131280096026071,0.0131152802524059,0.0152930157510844,0.0143427567593375,0.0143493337417536,0.0144422834243711,0.0134918305968333,0.013191841758106
141.96152,25.25,3.3532527,0.0186003119318133,0.00877500876460678,0.0219796932450982,0.0127844177845294,0.0172993586114909,0.0124104481561788,0.0175075344405697,0.0164804697912436,0.0158254709809728,0.0150622676727413,0.0140500527861396,0.0140625624423663,0.0163613306454208,0.0153105003395278,0.0153731595472459,0.0154776823605613,0.0144325590095628,0.0141065712057927
141.96152,25.25,3.9454889,0.0192214552484863,0.00912566765764569,0.0227748178974722,0.0132543108957719,0.0179551298832845,0.0128793648457606,0.0181718981245432,0.0170954805587271,0.0164222430073973,0.0156121874839063,0.014574600061497,0.0146088295525815,0.0169655354627697,0.0158645013643856,0.0159576000013095,0.0160639939723641,0.0149713150166812,0.0146294525479753
141.96152,25.25,4.4376187,0.0196693870518389,0.00938281192271933,0.023352852896555,0.0135949835851447,0.0184285653904376,0.0132220234353758,0.0186553181958869,0.0175432840828386,0.0168583096238471,0.0160118024618577,0.0149556605351447,0.0150087651007,0.0174024617998347,0.0162694044711727,0.016384981488032,0.0164877072129141,0.0153638662875761,0.0150105488861396
141.96152,25.25,4.6535351,0.0198501312692457,0.00948731072900475,0.0235854846223861,0.0137326352472147,0.0186188807243087,0.0133611866090956,0.0188513967189361,0.0177255112039481,0.0170352009016759,0.016172776770629,0.0151101267133146,0.015170976571077,0.0175781380719402,0.0164337320973257,0.0165576830409768,0.0166583268345971,0.0155230405790563,0.0151652359794501
141.96152,33.664531,2.505,0.0175067329892136,0.0103544076570461,0.0192366118303773,0.012529024029887,0.0158732189875535,0.0129869114460359,0.0154131149470352,0.0145469752057515,0.0148095612030983,0.0137846419300967,0.0139844720375291,0.0135917366381413,0.0150001252303947,0.0147659107520776,0.0139831797124083,0.0139228361349759,0.0137065324923453,0.0144366254081529
141.96152,39.539419,0.57238131,0.0123464570881649,0.0082491289160891,0.0130296414502261,0.00891791256487099,0.0109036961391398,0.00912535582906805,0.0111173395316932,0.0108219375312995,0.0105713379769212,0.00985810789807015,0.00951824009516778,0.0099002482584053,0.010741918705134,0.0104280057764881,0.0100011675750819,0.00995017665962838,0.00998896244113392,0.00988226433135057
141.96152,39.539419,1.0645111,0.0144354387320485,0.00947741424035097,0.0150018198919448,0.0102277961760226,0.0125800529510974,0.0104719353694287,0.0128385960080582,0.0125316414839745,0.0121928046227212,0.0112695072331988,0.0109465267136073,0.0114678013326539,0.0124444495552367,0.012018908135785,0.0114223242930931,0.0114475010487154,0.0115638581670209,0.0114085847891734
141.96152,39.539419,2.505,0.0174672969940334,0.0116052613185284,0.0183363916689459,0.0124904990131358,0.0154314934261096,0.0127906331162915,0.0157609344390769,0.015441755539806,0.0149503170392461,0.0137019135889284,0.0134149142219575,0.0141510232302572,0.0153441434710108,0.0147226980461099,0.0138630381528213,0.014045478101694,0.0142625421149899,0.0139707895900927
141.96152,39.539419,3.9454889,0.0191854578304615,0.0129156167597803,0.0202912569318099,0.0138787623018933,0.0171197161244625,0.0141970143287882,0.0174860414341121,0.0171636599704446,0.0165926497809686,0.0151930164439292,0.0149146455289817,0.0157519941121457,0.0170620467693233,0.0163293042923529,0.0153577406152515,0.0156250533125284,0.0158747247193071,0.0154676219978643
141.96152,39.539419,4.4376187,0.0196324192743388,0.0132664083234161,0.0207999082487315,0.0142506659574921,0.0175619743046786,0.0145690135498278,0.0179338569688855,0.0176131478523969,0.0170233538582175,0.0155916869579327,0.0153118971000018,0.0161724115317807,0.0175119800028917,0.016752696628158,0.0157582199053665,0.016044163567552,0.0162980928987761,0.01585621695197
141.96152,44.421268,1.0645111,0.0144349803244544,0.00976279905900523,0.0142733841376958,0.0105944027402663,0.0120612985833579,0.0108351879359353,0.0126095043605908,0.0118101138882409,0.0120780189203568,0.0114343937872732,0.0111385111996406,0.0113364849646326,0.0119444268420038,0.0117593592273218,0.0117097157900731,0.0116282284098241,0.0112465431067291,0.0114293901700531
141.96152,44.421268,2.505,0.0174672488092414,0.0119018826682418,0.0174566945429845,0.0130145798365491,0.0147435546587295,0.0133014084876155,0.0154293868280751,0.0144543262166056,0.0147781595024836,0.0140382463387694,0.01361488098551,0.0139395783341023,0.0145904955012347,0.0144142958862574,0.0142956519433302,0.0143268896530873,0.0137035225688323,0.0140440055414154
141.96152,44.421268,3.9454889,0.0191855895282311,0.0131955102139075,0.0193877755002733,0.01445489750636,0.0163486952604853,0.0147923788755685,0.0171156308199309,0.0160288705520049,0.0164001446607367,0.0155940692737615,0.0150812599604759,0.0155164274486094,0.016199214189278,0.0159906486117085,0.0158592896643938,0.0159502075814904,0.0151488050061341,0.0156342737357657
141.96152,46.563124,2.505,0.0174658566561874,0.0126562278929779,0.017392529878839,0.0127545254792934,0.0154471285255379,0.0140536570030645,0.0150495264865635,0.0148268358446918,0.0141425571895027,0.0141403772569643,0.0135798628531467,0.0139167587271828,0.0142062024418327,0.0142363501483799,0.0140355696972284,0.0136524871570628,0.0140805516790157,0.0135864701074907
159.7137,6.0787324,2.505,0.0104626626716756,0.00400180924661862,0.0156486892274966,0.00834731051271094,0.0115302934475747,0.00658833503927815,0.0141516552286092,0.0147877129191931,0.0128409937553683,0.0108247959387615,0.00952756225174916,0.00925413088230737,0.0151833985913991,0.0133116328713969,0.0116642899357633,0.0104751268889338,0.0101258868866807,0.0105221005914852
159.7137,10.960581,1.0645111,0.00852033917100388,0.00349319735999894,0.0144463054029858,0.00708954290874627,0.0100246206435031,0.00744044310187268,0.0125839084028583,0.0120758944523139,0.0107669930259019,0.00922279465815389,0.00851166356157753,0.0090277313977494,0.0123492949533881,0.0116817052842138,0.0107625187336007,0.00999393272401652,0.00978580471315042,0.0101016635785645
159.7137,10.960581,2.505,0.0103724729158639,0.00441091902400337,0.0177595623490222,0.00876640403853947,0.0122885387293602,0.00918901548285325,0.0153585523580169,0.0147014259883187,0.0131178766461325,0.0112650918008057,0.0104122099898661,0.0110304879258081,0.0151483783805405,0.0143595844932893,0.0132578151295906,0.0123232141104911,0.012059835356248,0.0124231552951119
159.7137,10.960581,3.9454889,0.0114411628269946,0.00495276579606466,0.0197182211830794,0.00979212888643056,0.0136787720540429,0.0102604429312984,0.0170709677936294,0.0162449592350039,0.014508821516348,0.0124800009599361,0.0115530405603176,0.0122469024678875,0.0168236687883862,0.0159549378377291,0.0147390554793182,0.0137016725184594,0.0133989031223735,0.0137834641838024
159.7137,25.25,0.57238131,0.00725885247669943,0.00843115360911523,0.0131222426054671,0.00768294144199314,0.00928151793009749,0.00909908695473472,0.0109562470325108,0.0107260833325497,0.0100391284567073,0.00903948158854553,0.00899838249026369,0.00951174502678226,0.0102876131626867,0.0104698310895137,0.00987452053086845,0.00937916163158213,0.00951442296795127,0.00974756574752314
159.7137,25.25,1.0645111,0.00850385827900334,0.0097561888134795,0.0150471016707904,0.00889585899932539,0.0106189068388737,0.0105350521660806,0.0125426411536158,0.0124007428395109,0.0115525614699334,0.0103404475186575,0.0103355661100869,0.0109654919429653,0.0118510682086308,0.0121311956599564,0.0114115551387841,0.0107695172467145,0.0109072372142423,0.0111861021906503
159.7137,25.25,2.505,0.0103510973034943,0.0120227542627534,0.0183681910857617,0.0109831288271687,0.0129385431824012,0.012992040094344,0.0152921559242685,0.0152487590271444,0.0141291816696529,0.0125716216651643,0.0126561366478591,0.0134805039539086,0.0145310992760206,0.014963504276098,0.0140238589197797,0.0131137672848235,0.0133086242570253,0.0136945128440253
159.7137,25.25,3.9454889,0.0114173909901351,0.0133716387225377,0.0203654378830688,0.0122420409037542,0.0143599712686786,0.0144621177012952,0.0169810527597344,0.0169316272729132,0.0156717049806789,0.013937227696716,0.0140830585788258,0.0150103826617424,0.0161256584725461,0.0166389286080803,0.0155645961402036,0.0144989558291652,0.0147776201354763,0.015244786161836
159.7137,25.25,4.4376187,0.0116975279329838,0.0137249312413918,0.0208903170790742,0.0125751760191691,0.0147391905818928,0.0148489852157254,0.0174327086747119,0.0173711949678641,0.0160792868830952,0.0143026699214831,0.0144649637734222,0.0154170053596324,0.01654337827941,0.0170781860719453,0.0159682157258968,0.0148634574068258,0.0151699202881633,0.0156607925305
159.7137,39.539419,1.0645111,0.00850304339922665,0.0114968388857126,0.0143688053069569,0.00973637804936826,0.0113463179290205,0.011460586394975,0.012205871163273,0.0119828198072596,0.0117273357601985,0.0107610604488428,0.0110916762837731,0.0116062337665151,0.0116339889462126,0.0121054528852492,0.0113758086167586,0.0112103252423692,0.0115277810306737,0.0115716453461121
159.7137,39.539419,2.505,0.0103508382802422,0.014056079934303,0.0175413863359913,0.0119482938984355,0.0139067777055387,0.014111496287665,0.0148557957289689,0.0146665621906615,0.0143467333154283,0.0131031877189398,0.0136678451873417,0.0142889228694505,0.0142272191173246,0.0149138671135956,0.0138837439666316,0.0136895967254057,0.0142059513751095,0.0141799063006546
159.7137,39.539419,3.9454889,0.0114180139796635,0.0155687045994269,0.019495042423835,0.0132638728193128,0.0154824519336354,0.0156794066912415,0.01646172635589,0.016238029617608,0.0159283602163269,0.0145397445168375,0.0152185767144223,0.0158702028388448,0.0157746801736487,0.0165727567895057,0.015379891056929,0.0152282280441027,0.0158136246940735,0.0157094822692814
159.7137,44.421268,2.505,0.0103253861878089,0.0141570093115289,0.0171165479495365,0.0123680437515533,0.014328866201811,0.0141128779862759,0.0148810478373618,0.0145214837098324,0.0142680262667919,0.0136317618225789,0.0136792958362001,0.0139201098610131,0.0145497878997903,0.0141213846844209,0.0141652712858139,0.0137452779167259,0.0140328362906864,0.0139604453475639
167.50227,10.960581,2.505,0.00659616135472973,0.00643450900695557,0.015189495390597,0.00795904931631301,0.0104412315596907,0.00974930033376764,0.0140680999287115,0.0141895760246761,0.0121002310201885,0.0107961819515588,0.0103746335904391,0.0120239437601645,0.0143562472104181,0.0128348613607283,0.0123281440356103,0.0118143716136151,0.0121872472524849,0.0130363443837673
167.50227,25.25,1.0645111,0.00540194414211132,0.0108045442581738,0.0147711136179946,0.00884350380021941,0.010018591562592,0.0110389004929234,0.0121413486577009,0.011589996560542,0.0109259715197541,0.0103495413837994,0.0104479486607164,0.0108502639639294,0.0119436483935537,0.0118285510662248,0.011238874237916,0.0108371652112912,0.0112679731599086,0.0115280527963405
167.50227,25.25,2.505,0.00659113905419774,0.0131949432278069,0.0181380614051681,0.0109088231872791,0.0123152904165838,0.0136040338858624,0.0149543903728509,0.0140754832364048,0.0133092736838942,0.0126600641544962,0.0127645524194951,0.0131706739770036,0.0146827358354539,0.0145659399476396,0.013813172715383,0.0132519918912676,0.0138459954424595,0.0141484949679261
167.50227,25.25,3.9454889,0.00727937762258391,0.014627784516178,0.0201119059120302,0.0121379506907446,0.0136879102530585,0.0151352075806981,0.0166477045999168,0.0155979156762755,0.014771866913485,0.0140901832854355,0.0142058960599899,0.0146029959528881,0.0162966311345329,0.0161831371542397,0.015329737021324,0.0146633170911035,0.0153674109420774,0.0157063685581203
167.50227,39.539419,2.505,0.00658902918796076,0.0156692103894256,0.0172777528338566,0.0120671205094145,0.0129141878701457,0.0139058984115885,0.0143045068681143,0.0145012513099231,0.0139710044208418,0.0134077747673843,0.013695484985381,0.0143793546401781,0.0141095907064322,0.0138833631902018,0.0136356092088326,0.0136408736843592,0.0139594626602152,0.0143074255983256
171.55619,25.25,2.505,0.00442523435221768,0.0144937948408073,0.0170219721771322,0.0108908646996561,0.0122946287749863,0.013204757378923,0.0145422345342231,0.0142685839841847,0.0140893900670709,0.0127066127856517,0.0126841597711847,0.0139121768073496,0.0140564892731167,0.0141764217479719,0.0134330120258488,0.0136667112651226,0.0134369674815308,0.0136731282840157
